sep=;
"res_entry_id";"pers_id";"last_name";"first_name";"birth_date";"res_entry_start";"res_entry_end";"start_date";"end_date";"political_function";"parliament_id"
"DE_Adam_Irmgard_1942__21";"DE_Adam_Irmgard_1942";"Adam-Schwaetzer";"Irmgard";"05apr1942";"10nov1994";"25oct1998";1994-11-10;1998-10-25;"NT_LE_T3_NA_01";"DE_NT-BT_1994"
"DE_Adam_Ulrich_1950__5";"DE_Adam_Ulrich_1950";"Adam";"Ulrich";"09jun1950";"10nov1994";"25oct1998";1994-11-10;1998-10-25;"NT_LE_T3_NA_01";"DE_NT-BT_1994"
"DE_Adler_Brigitte_1944__2";"DE_Adler_Brigitte_1944";"Adler";"Brigitte";"22jun1944";"10nov1994";"25oct1998";1994-11-10;1998-10-25;"NT_LE_T3_NA_01";"DE_NT-BT_1994"
"DE_Albowitz_Ina_1943__2";"DE_Albowitz_Ina_1943";"Albowitz";"Ina-Hildegard-Martha";"26apr1943";"10nov1994";"25oct1998";1994-11-10;1998-10-25;"NT_LE_T3_NA_01";"DE_NT-BT_1994"
"DE_Altmaier_Peter_1958__8";"DE_Altmaier_Peter_1958";"Altmaier";"Peter";"18jun1958";"10nov1994";"25oct1998";1994-11-10;1998-10-25;"NT_LE_T3_NA_01";"DE_NT-BT_1994"
"DE_Altmann_Elisabeth_1943__1";"DE_Altmann_Elisabeth_1943";"Altmann";"Elisabeth-Hedwig";"12oct1943";"10nov1994";"25oct1998";1994-11-10;1998-10-25;"NT_LE_T3_NA_01";"DE_NT-BT_1994"
"DE_Altmann_Gisela_1949__2";"DE_Altmann_Gisela_1949";"Altmann";"Gisela";"22may1949";"10nov1994";"25oct1998";1994-11-10;1998-10-25;"NT_LE_T3_NA_01";"DE_NT-BT_1994"
"DE_Andres_Gerd_1951__5";"DE_Andres_Gerd_1951";"Andres";"Gerd";"08apr1951";"10nov1994";"25oct1998";1994-11-10;1998-10-25;"NT_LE_T3_NA_01";"DE_NT-BT_1994"
"DE_Antretter_Robert_1939__1";"DE_Antretter_Robert_1939";"Antretter";"Robert";"05feb1939";"10nov1994";"25oct1998";1994-11-10;1998-10-25;"NT_LE_T3_NA_01";"DE_NT-BT_1994"
"DE_Augustin_Anneliese_1930__1";"DE_Augustin_Anneliese_1930";"Augustin";"Anneliese";"24apr1930";"10nov1994";"25oct1998";1994-11-10;1998-10-25;"NT_LE_T3_NA_01";"DE_NT-BT_1994"
"DE_Augustinowitz_Juergen_1964__1";"DE_Augustinowitz_Juergen_1964";"Augustinowitz";"Juergen";"10jun1964";"10nov1994";"25oct1998";1994-11-10;1998-10-25;"NT_LE_T3_NA_01";"DE_NT-BT_1994"
"DE_Austermann_Dietrich_1941__4";"DE_Austermann_Dietrich_1941";"Austermann";"Dietrich";"22oct1941";"10nov1994";"25oct1998";1994-11-10;1998-10-25;"NT_LE_T3_NA_01";"DE_NT-BT_1994"
"DE_Babel_Gisela_1938__1";"DE_Babel_Gisela_1938";"Babel";"Gisela";"23may1938";"10nov1994";"25oct1998";1994-11-10;1998-10-25;"NT_LE_T3_NA_01";"DE_NT-BT_1994"
"DE_Bachmaier_Hermann_1939__4";"DE_Bachmaier_Hermann_1939";"Bachmaier";"Hermann";"05jul1939";"10nov1994";"25oct1998";1994-11-10;1998-10-25;"NT_LE_T3_NA_01";"DE_NT-BT_1994"
"DE_Bahr_Ernst_1945__5";"DE_Bahr_Ernst_1945";"Bahr";"Ernst-Alfred";"11jun1945";"10nov1994";"25oct1998";1994-11-10;1998-10-25;"NT_LE_T3_NA_01";"DE_NT-BT_1994"
"DE_Bargfrede_Heinz_1942__1";"DE_Bargfrede_Heinz_1942";"Bargfrede";"Heinz-Guenter";"20jan1942";"10nov1994";"25oct1998";1994-11-10;1998-10-25;"NT_LE_T3_NA_01";"DE_NT-BT_1994"
"DE_Barnett_Doris_1953__8";"DE_Barnett_Doris_1953";"Barnett";"Doris";"22may1953";"10nov1994";"25oct1998";1994-11-10;1998-10-25;"NT_LE_T3_NA_01";"DE_NT-BT_1994"
"DE_Barthel_Klaus_1955__7";"DE_Barthel_Klaus_1955";"Barthel";"Klaus";"28dec1955";"10nov1994";"25oct1998";1994-11-10;1998-10-25;"NT_LE_T3_NA_01";"DE_NT-BT_1994"
"DE_Basten_Franz_1944__1";"DE_Basten_Franz_1944";"Basten";"Franz-Peter";"22aug1944";"10nov1994";"25oct1998";1994-11-10;1998-10-25;"NT_LE_T3_NA_01";"DE_NT-BT_1994"
"DE_Bauer_Wolf_1939__5";"DE_Bauer_Wolf_1939";"Bauer";"Wolf";"05mar1939";"10nov1994";"25oct1998";1994-11-10;1998-10-25;"NT_LE_T3_NA_01";"DE_NT-BT_1994"
"DE_Baumeister_Brigitte_1946__2";"DE_Baumeister_Brigitte_1946";"Baumeister";"Brigitte";"19oct1946";"10nov1994";"25oct1998";1994-11-10;1998-10-25;"NT_LE_T3_NA_01";"DE_NT-BT_1994"
"DE_Beck_Marieluise_1952__7";"DE_Beck_Marieluise_1952";"Beck-Oberdorf";"Marieluise";"25jun1952";"10nov1994";"25oct1998";1994-11-10;1998-10-25;"NT_LE_T3_NA_01";"DE_NT-BT_1994"
"DE_Beck_Volker_1960__7";"DE_Beck_Volker_1960";"Beck";"Volker";"12dec1960";"10nov1994";"25oct1998";1994-11-10;1998-10-25;"NT_LE_T3_NA_01";"DE_NT-BT_1994"
"DE_Becker_Ingrid_1946__2";"DE_Becker_Ingrid_1946";"Becker-Inglau";"Ingrid";"20nov1946";"10nov1994";"25oct1998";1994-11-10;1998-10-25;"NT_LE_T3_NA_01";"DE_NT-BT_1994"
"DE_Beer_Angelika_1957__2";"DE_Beer_Angelika_1957";"Beer";"Angelika";"24may1957";"10nov1994";"25oct1998";1994-11-10;1998-10-25;"NT_LE_T3_NA_01";"DE_NT-BT_1994"
"DE_Behrendt_Wolfgang_1938__2";"DE_Behrendt_Wolfgang_1938";"Behrendt";"Wolfgang-Emil-Erich";"26oct1938";"10nov1994";"25oct1998";1994-11-10;1998-10-25;"NT_LE_T3_NA_01";"DE_NT-BT_1994"
"DE_Belle_Meinrad_1943__2";"DE_Belle_Meinrad_1943";"Belle";"Meinrad";"18jul1943";"10nov1994";"25oct1998";1994-11-10;1998-10-25;"NT_LE_T3_NA_01";"DE_NT-BT_1994"
"DE_Berger_Johann_1938__1";"DE_Berger_Johann_1938";"Berger";"Johann-Anton";"28feb1938";"10nov1994";"25oct1998";1994-11-10;1998-10-25;"NT_LE_T3_NA_01";"DE_NT-BT_1994"
"DE_Bergmann_Sabine_1946__2";"DE_Bergmann_Sabine_1946";"Bergmann-Pohl";"Sabine";"20apr1946";"10nov1994";"25oct1998";1994-11-10;1998-10-25;"NT_LE_T3_NA_01";"DE_NT-BT_1994"
"DE_Berninger_Matthias_1971__5";"DE_Berninger_Matthias_1971";"Berninger";"Matthias";"31jan1971";"10nov1994";"25oct1998";1994-11-10;1998-10-25;"NT_LE_T3_NA_01";"DE_NT-BT_1994"
"DE_Bertl_Hans_1944__4";"DE_Bertl_Hans_1944";"Bertl";"Hans-Werner";"02jul1944";"10nov1994";"25oct1998";1994-11-10;1998-10-25;"NT_LE_T3_NA_01";"DE_NT-BT_1994"
"DE_Beucher_Friedhelm_1946__2";"DE_Beucher_Friedhelm_1946";"Beucher";"Friedhelm-Julius";"21jul1946";"10nov1994";"25oct1998";1994-11-10;1998-10-25;"NT_LE_T3_NA_01";"DE_NT-BT_1994"
"DE_Bierling_Hans_1944__2";"DE_Bierling_Hans_1944";"Bierling";"Hans-Dirk";"29mar1944";"10nov1994";"25oct1998";1994-11-10;1998-10-25;"NT_LE_T3_NA_01";"DE_NT-BT_1994"
"DE_Bierstedt_Wolfgang_1952__2";"DE_Bierstedt_Wolfgang_1952";"Bierstedt";"Wolfgang";"12jun1952";"10nov1994";"25oct1998";1994-11-10;1998-10-25;"NT_LE_T3_NA_01";"DE_NT-BT_1994"
"DE_Bindig_Rudolf_1940__4";"DE_Bindig_Rudolf_1940";"Bindig";"Rudolf";"06sep1940";"10nov1994";"25oct1998";1994-11-10;1998-10-25;"NT_LE_T3_NA_01";"DE_NT-BT_1994"
"DE_Blaess_Petra_1964__2";"DE_Blaess_Petra_1964";"Blaess";"Petra";"12jun1964";"10nov1994";"25oct1998";1994-11-10;1998-10-25;"NT_LE_T3_NA_01";"DE_NT-BT_1994"
"DE_Blank_Joseph_1947__1";"DE_Blank_Joseph_1947";"Blank";"Joseph-Theodor";"19mar1947";"10nov1994";"25oct1998";1994-11-10;1998-10-25;"NT_LE_T3_NA_01";"DE_NT-BT_1994"
"DE_Blank_Renate_1941__5";"DE_Blank_Renate_1941";"Blank";"Renate-Anna";"08aug1941";"10nov1994";"25oct1998";1994-11-10;1998-10-25;"NT_LE_T3_NA_01";"DE_NT-BT_1994"
"DE_Blens_Heribert_1936__2";"DE_Blens_Heribert_1936";"Blens";"Heribert";"19feb1936";"10nov1994";"25oct1998";1994-11-10;1998-10-25;"NT_LE_T3_NA_01";"DE_NT-BT_1994"
"DE_Bleser_Peter_1952__8";"DE_Bleser_Peter_1952";"Bleser";"Peter";"23jul1952";"10nov1994";"25oct1998";1994-11-10;1998-10-25;"NT_LE_T3_NA_01";"DE_NT-BT_1994"
"DE_Bluem_Norbert_1935__2";"DE_Bluem_Norbert_1935";"Bluem";"Norbert-Sebastian";"21jul1935";"10nov1994";"25oct1998";1994-11-10;1998-10-25;"NT_LE_T3_NA_01";"DE_NT-BT_1994"
"DE_Blunck_Lieselott_1942__1";"DE_Blunck_Lieselott_1942";"Blunck";"Lieselott-Christine";"19nov1942";"10nov1994";"25oct1998";1994-11-10;1998-10-25;"NT_LE_T3_NA_01";"DE_NT-BT_1994"
"DE_Boehmer_Maria_1950__7";"DE_Boehmer_Maria_1950";"Boehmer";"Maria";"23apr1950";"10nov1994";"25oct1998";1994-11-10;1998-10-25;"NT_LE_T3_NA_01";"DE_NT-BT_1994"
"DE_Boernsen_Arne_1944__1";"DE_Boernsen_Arne_1944";"Boernsen";"Arne";"05oct1944";"10nov1994";"06jan1998";1994-11-10;1998-01-06;"NT_LE_T3_NA_01";"DE_NT-BT_1994"
"DE_Boernsen_Wolfgang_1942__6";"DE_Boernsen_Wolfgang_1942";"Boernsen";"Wolfgang";"26apr1942";"10nov1994";"25oct1998";1994-11-10;1998-10-25;"NT_LE_T3_NA_01";"DE_NT-BT_1994"
"DE_Boetsch_Wolfgang_1938__4";"DE_Boetsch_Wolfgang_1938";"Boetsch";"Wolfgang";"08sep1938";"10nov1994";"25oct1998";1994-11-10;1998-10-25;"NT_LE_T3_NA_01";"DE_NT-BT_1994"
"DE_Boettcher_Maritta_1954__2";"DE_Boettcher_Maritta_1954";"Boettcher";"Sigrid-Maritta";"29mar1954";"10nov1994";"25oct1998";1994-11-10;1998-10-25;"NT_LE_T3_NA_01";"DE_NT-BT_1994"
"DE_Bohl_Friedrich_1945__2";"DE_Bohl_Friedrich_1945";"Bohl";"Heinrich-Friedrich";"05mar1945";"10nov1994";"25oct1998";1994-11-10;1998-10-25;"NT_LE_T3_NA_01";"DE_NT-BT_1994"
"DE_Borchert_Johann_1940__5";"DE_Borchert_Johann_1940";"Borchert";"Johann-Joachim";"25apr1940";"10nov1994";"25oct1998";1994-11-10;1998-10-25;"NT_LE_T3_NA_01";"DE_NT-BT_1994"
"DE_Bosbach_Wolfgang_1952__7";"DE_Bosbach_Wolfgang_1952";"Bosbach";"Wolfgang";"11jun1952";"10nov1994";"25oct1998";1994-11-10;1998-10-25;"NT_LE_T3_NA_01";"DE_NT-BT_1994"
"DE_Braehmig_Klaus_1957__7";"DE_Braehmig_Klaus_1957";"Braehmig";"Klaus-Peter";"01aug1957";"10nov1994";"25oct1998";1994-11-10;1998-10-25;"NT_LE_T3_NA_01";"DE_NT-BT_1994"
"DE_Brandt_Anni_1932__2";"DE_Brandt_Anni_1932";"Brandt-Elsweier";"Anni";"02mar1932";"10nov1994";"25oct1998";1994-11-10;1998-10-25;"NT_LE_T3_NA_01";"DE_NT-BT_1994"
"DE_Braun_Hildebrecht_1944__2";"DE_Braun_Hildebrecht_1944";"Braun";"Hildebrecht";"23jun1944";"10nov1994";"25oct1998";1994-11-10;1998-10-25;"NT_LE_T3_NA_01";"DE_NT-BT_1994"
"DE_Braun_Rudolf_1955__1";"DE_Braun_Rudolf_1955";"Braun";"Rudolf";"25jun1955";"10nov1994";"25oct1998";1994-11-10;1998-10-25;"NT_LE_T3_NA_01";"DE_NT-BT_1994"
"DE_Braune_Tilo_1954__1";"DE_Braune_Tilo_1954";"Braune";"Tilo-Erich-Alfred";"11aug1954";"10nov1994";"25oct1998";1994-11-10;1998-10-25;"NT_LE_T3_NA_01";"DE_NT-BT_1994"
"DE_Brecht_Eberhard_1950__10";"DE_Brecht_Eberhard_1950";"Schmidt";"Eberhard-Wolfgang";"01jan1950";"20dec1990";"25oct2019";1990-12-20;2019-10-25;"NT_LE_T3_NA_01";""
"DE_Brecht_Walter_1950__2";"DE_Brecht_Walter_1950";"Brecht";"Walter-Rudolf-Eberhard";"20feb1950";"10nov1994";"25oct1998";1994-11-10;1998-10-25;"NT_LE_T3_NA_01";"DE_NT-BT_1994"
"DE_Bredehorn_Guenther_1935__1";"DE_Bredehorn_Guenther_1935";"Bredehorn";"Guenther";"11dec1935";"10nov1994";"25oct1998";1994-11-10;1998-10-25;"NT_LE_T3_NA_01";"DE_NT-BT_1994"
"DE_Breuer_Paul_1950__4";"DE_Breuer_Paul_1950";"Breuer";"Paul";"25jun1950";"10nov1994";"25oct1998";1994-11-10;1998-10-25;"NT_LE_T3_NA_01";"DE_NT-BT_1994"
"DE_Brudlewsky_Monika_1946__2";"DE_Brudlewsky_Monika_1946";"Brudlewsky";"Monika-Elisabeth";"04may1946";"10nov1994";"25oct1998";1994-11-10;1998-10-25;"NT_LE_T3_NA_01";"DE_NT-BT_1994"
"DE_Brunnhuber_Georg_1948__5";"DE_Brunnhuber_Georg_1948";"Brunnhuber";"Georg";"18feb1948";"10nov1994";"25oct1998";1994-11-10;1998-10-25;"NT_LE_T3_NA_01";"DE_NT-BT_1994"
"DE_Buehler_Klaus_1941__2";"DE_Buehler_Klaus_1941";"Buehler";"Klaus-Gustav";"16jan1941";"10nov1994";"25oct1998";1994-11-10;1998-10-25;"NT_LE_T3_NA_01";"DE_NT-BT_1994"
"DE_Buettner_Hans_1944__4";"DE_Buettner_Hans_1944";"Buettner";"Hans";"18oct1944";"10nov1994";"25oct1998";1994-11-10;1998-10-25;"NT_LE_T3_NA_01";"DE_NT-BT_1994"
"DE_Buettner_Hartmut_1952__4";"DE_Buettner_Hartmut_1952";"Buettner";"Hartmut-Bruno";"02jan1952";"10nov1994";"25oct1998";1994-11-10;1998-10-25;"NT_LE_T3_NA_01";"DE_NT-BT_1994"
"DE_Bulling_Eva_1956__5";"DE_Bulling_Eva_1956";"Bulling-Schroeter";"Eva-Maria";"22feb1956";"10nov1994";"25oct1998";1994-11-10;1998-10-25;"NT_LE_T3_NA_01";"DE_NT-BT_1994"
"DE_Bulmahn_Edelgard_1951__7";"DE_Bulmahn_Edelgard_1951";"Bulmahn";"Edelgard";"04mar1951";"10nov1994";"25oct1998";1994-11-10;1998-10-25;"NT_LE_T3_NA_01";"DE_NT-BT_1994"
"DE_Buntenbach_Annelie_1955__2";"DE_Buntenbach_Annelie_1955";"Buntenbach";"Annelie";"24feb1955";"10nov1994";"25oct1998";1994-11-10;1998-10-25;"NT_LE_T3_NA_01";"DE_NT-BT_1994"
"DE_Burchardt_Ursula_1954__6";"DE_Burchardt_Ursula_1954";"Burchardt";"Ursula";"22apr1954";"10nov1994";"25oct1998";1994-11-10;1998-10-25;"NT_LE_T3_NA_01";"DE_NT-BT_1994"
"DE_Bury_Hans_1966__4";"DE_Bury_Hans_1966";"Bury";"Hans-Martin";"05apr1966";"10nov1994";"25oct1998";1994-11-10;1998-10-25;"NT_LE_T3_NA_01";"DE_NT-BT_1994"
"DE_Buwitt_Dankward_1939__2";"DE_Buwitt_Dankward_1939";"Buwitt";"Dankward";"06jul1939";"10nov1994";"25oct1998";1994-11-10;1998-10-25;"NT_LE_T3_NA_01";"DE_NT-BT_1994"
"DE_Carstens_Manfred_1943__4";"DE_Carstens_Manfred_1943";"Carstens";"Manfred";"23feb1943";"10nov1994";"25oct1998";1994-11-10;1998-10-25;"NT_LE_T3_NA_01";"DE_NT-BT_1994"
"DE_Carstensen_Peter_1947__4";"DE_Carstensen_Peter_1947";"Carstensen";"Peter-Harry";"12mar1947";"10nov1994";"25oct1998";1994-11-10;1998-10-25;"NT_LE_T3_NA_01";"DE_NT-BT_1994"
"DE_Caspers_Marion_1955__5";"DE_Caspers_Marion_1955";"Caspers-Merk";"Marion";"24apr1955";"10nov1994";"25oct1998";1994-11-10;1998-10-25;"NT_LE_T3_NA_01";"DE_NT-BT_1994"
"DE_Catenhusen_Wolf_1945__2";"DE_Catenhusen_Wolf_1945";"Catenhusen";"Wolf-Michael";"13jul1945";"10nov1994";"25oct1998";1994-11-10;1998-10-25;"NT_LE_T3_NA_01";"DE_NT-BT_1994"
"DE_Conradi_Peter_1932__1";"DE_Conradi_Peter_1932";"Conradi";"Peter";"10dec1932";"10nov1994";"25oct1998";1994-11-10;1998-10-25;"NT_LE_T3_NA_01";"DE_NT-BT_1994"
"DE_Daeubler_Herta_1943__5";"DE_Daeubler_Herta_1943";"Daeubler-Gmelin";"Herta";"12aug1943";"10nov1994";"25oct1998";1994-11-10;1998-10-25;"NT_LE_T3_NA_01";"DE_NT-BT_1994"
"DE_Dehnel_Wolfgang_1945__2";"DE_Dehnel_Wolfgang_1945";"Dehnel";"Wolfgang-Guenther";"11feb1945";"10nov1994";"25oct1998";1994-11-10;1998-10-25;"NT_LE_T3_NA_01";"DE_NT-BT_1994"
"DE_Deichmann_Christel_1941__2";"DE_Deichmann_Christel_1941";"Deichmann";"Christel";"29aug1941";"10nov1994";"25oct1998";1994-11-10;1998-10-25;"NT_LE_T3_NA_01";"DE_NT-BT_1994"
"DE_Deittert_Hubert_1941__5";"DE_Deittert_Hubert_1941";"Deittert";"Hubert";"21mar1941";"10nov1994";"25oct1998";1994-11-10;1998-10-25;"NT_LE_T3_NA_01";"DE_NT-BT_1994"
"DE_Dempwolf_Gertrud_1936__1";"DE_Dempwolf_Gertrud_1936";"Dempwolf";"Gertrud";"03feb1936";"10nov1994";"25oct1998";1994-11-10;1998-10-25;"NT_LE_T3_NA_01";"DE_NT-BT_1994"
"DE_Dess_Albert_1947__4";"DE_Dess_Albert_1947";"Dess";"Albert";"17apr1947";"10nov1994";"25oct1998";1994-11-10;1998-10-25;"NT_LE_T3_NA_01";"DE_NT-BT_1994"
"DE_Diemers_Renate_1938__2";"DE_Diemers_Renate_1938";"Diemers";"Renate";"08apr1938";"10nov1994";"25oct1998";1994-11-10;1998-10-25;"NT_LE_T3_NA_01";"DE_NT-BT_1994"
"DE_Dietert_Amke_1955__2";"DE_Dietert_Amke_1955";"Dietert-Scheuer";"Amke";"14may1955";"10nov1994";"25oct1998";1994-11-10;1998-10-25;"NT_LE_T3_NA_01";"DE_NT-BT_1994"
"DE_Dietzel_Wilhelm_1948__2";"DE_Dietzel_Wilhelm_1948";"Dietzel";"Wilhelm";"23jul1948";"10nov1994";"25oct1998";1994-11-10;1998-10-25;"NT_LE_T3_NA_01";"DE_NT-BT_1994"
"DE_Diller_Karl_1941__5";"DE_Diller_Karl_1941";"Diller";"Karl";"27jan1941";"10nov1994";"25oct1998";1994-11-10;1998-10-25;"NT_LE_T3_NA_01";"DE_NT-BT_1994"
"DE_Dobberthien_Marliese_1947__1";"DE_Dobberthien_Marliese_1947";"Dobberthien";"Marliese";"22may1947";"10nov1994";"25oct1998";1994-11-10;1998-10-25;"NT_LE_T3_NA_01";"DE_NT-BT_1994"
"DE_Doerflinger_Werner_1940__1";"DE_Doerflinger_Werner_1940";"Doerflinger";"Werner-Georg";"02oct1940";"10nov1994";"25oct1998";1994-11-10;1998-10-25;"NT_LE_T3_NA_01";"DE_NT-BT_1994"
"DE_Doss_Hansjuergen_1936__2";"DE_Doss_Hansjuergen_1936";"Doss";"Hansjuergen";"09aug1936";"10nov1994";"25oct1998";1994-11-10;1998-10-25;"NT_LE_T3_NA_01";"DE_NT-BT_1994"
"DE_Dregger_Alfred_1920__1";"DE_Dregger_Alfred_1920";"Dregger";"Alfred-Georg";"10dec1920";"10nov1994";"25oct1998";1994-11-10;1998-10-25;"NT_LE_T3_NA_01";"DE_NT-BT_1994"
"DE_Dressen_Peter_1943__4";"DE_Dressen_Peter_1943";"Dressen";"Peter";"09sep1943";"10nov1994";"25oct1998";1994-11-10;1998-10-25;"NT_LE_T3_NA_01";"DE_NT-BT_1994"
"DE_Dressler_Rudolf_1940__2";"DE_Dressler_Rudolf_1940";"Dressler";"Rudolf";"17nov1940";"10nov1994";"25oct1998";1994-11-10;1998-10-25;"NT_LE_T3_NA_01";"DE_NT-BT_1994"
"DE_Duve_Freimut_1936__1";"DE_Duve_Freimut_1936";"Duve";"Freimut";"26nov1936";"10nov1994";"25oct1998";1994-11-10;1998-10-25;"NT_LE_T3_NA_01";"DE_NT-BT_1994"
"DE_Eich_Ludwig_1942__2";"DE_Eich_Ludwig_1942";"Eich";"Ludwig";"18aug1942";"10nov1994";"25oct1998";1994-11-10;1998-10-25;"NT_LE_T3_NA_01";"DE_NT-BT_1994"
"DE_Eichhorn_Maria_1948__5";"DE_Eichhorn_Maria_1948";"Eichhorn";"Maria";"11sep1948";"10nov1994";"25oct1998";1994-11-10;1998-10-25;"NT_LE_T3_NA_01";"DE_NT-BT_1994"
"DE_Eichstaedt_Franziska_1941__4";"DE_Eichstaedt_Franziska_1941";"Eichstaedt-Bohlig";"Franziska";"10sep1941";"10nov1994";"25oct1998";1994-11-10;1998-10-25;"NT_LE_T3_NA_01";"DE_NT-BT_1994"
"DE_Eid_Ursula_1949__5";"DE_Eid_Ursula_1949";"Eid-Simon";"Ursula";"18may1949";"10nov1994";"25oct1998";1994-11-10;1998-10-25;"NT_LE_T3_NA_01";"DE_NT-BT_1994"
"DE_Einsiedel_Heinrich_1921__1";"DE_Einsiedel_Heinrich_1921";"Einsiedel";"Heinrich";"26jul1921";"10nov1994";"25oct1998";1994-11-10;1998-10-25;"NT_LE_T3_NA_01";"DE_NT-BT_1994"
"DE_Elm_Ludwig_1934__1";"DE_Elm_Ludwig_1934";"Elm";"Ludwig";"10aug1934";"10nov1994";"25oct1998";1994-11-10;1998-10-25;"NT_LE_T3_NA_01";"DE_NT-BT_1994"
"DE_Enders_Peter_1942__2";"DE_Enders_Peter_1942";"Enders";"Peter";"07dec1942";"10nov1994";"25oct1998";1994-11-10;1998-10-25;"NT_LE_T3_NA_01";"DE_NT-BT_1994"
"DE_Engelmann_Wolfgang_1942__1";"DE_Engelmann_Wolfgang_1942";"Engelmann";"Wolfgang";"27jun1942";"10nov1994";"25oct1998";1994-11-10;1998-10-25;"NT_LE_T3_NA_01";"DE_NT-BT_1994"
"DE_Enkelmann_Dagmar_1956__3";"DE_Enkelmann_Dagmar_1956";"Enkelmann";"Dagmar-Elsa-Gertraud";"05apr1956";"10nov1994";"25oct1998";1994-11-10;1998-10-25;"NT_LE_T3_NA_01";"DE_NT-BT_1994"
"DE_Eppelmann_Rainer_1943__4";"DE_Eppelmann_Rainer_1943";"Eppelmann";"Rainer";"12feb1943";"10nov1994";"25oct1998";1994-11-10;1998-10-25;"NT_LE_T3_NA_01";"DE_NT-BT_1994"
"DE_Erler_Gernot_1944__7";"DE_Erler_Gernot_1944";"Erler";"Gernot";"03may1944";"10nov1994";"25oct1998";1994-11-10;1998-10-25;"NT_LE_T3_NA_01";"DE_NT-BT_1994"
"DE_Ernstberger_Petra_1955__7";"DE_Ernstberger_Petra_1955";"Ernstberger";"Petra-Beate";"11nov1955";"10nov1994";"25oct1998";1994-11-10;1998-10-25;"NT_LE_T3_NA_01";"DE_NT-BT_1994"
"DE_Essen_Joerg_1947__6";"DE_Essen_Joerg_1947";"Essen";"Joerg-Ludwig";"29sep1947";"10nov1994";"25oct1998";1994-11-10;1998-10-25;"NT_LE_T3_NA_01";"DE_NT-BT_1994"
"DE_Essmann_Heinz_1938__1";"DE_Essmann_Heinz_1938";"Essmann";"Heinz-Dieter";"17nov1938";"10nov1994";"25oct1998";1994-11-10;1998-10-25;"NT_LE_T3_NA_01";"DE_NT-BT_1994"
"DE_Eylmann_Horst_1933__1";"DE_Eylmann_Horst_1933";"Eylmann";"Horst";"01dec1933";"10nov1994";"25oct1998";1994-11-10;1998-10-25;"NT_LE_T3_NA_01";"DE_NT-BT_1994"
"DE_Eymer_Anke_1949__5";"DE_Eymer_Anke_1949";"Eymer";"Anke";"12apr1949";"10nov1994";"25oct1998";1994-11-10;1998-10-25;"NT_LE_T3_NA_01";"DE_NT-BT_1994"
"DE_Falk_Ilse_1943__5";"DE_Falk_Ilse_1943";"Falk";"Ilse-Elisabeth";"21sep1943";"10nov1994";"25oct1998";1994-11-10;1998-10-25;"NT_LE_T3_NA_01";"DE_NT-BT_1994"
"DE_Fasse_Annette_1947__5";"DE_Fasse_Annette_1947";"Fasse";"Annette";"06sep1947";"10nov1994";"25oct1998";1994-11-10;1998-10-25;"NT_LE_T3_NA_01";"DE_NT-BT_1994"
"DE_Feilcke_Jochen_1942__1";"DE_Feilcke_Jochen_1942";"Feilcke";"Jochen";"19aug1942";"10nov1994";"25oct1998";1994-11-10;1998-10-25;"NT_LE_T3_NA_01";"DE_NT-BT_1994"
"DE_Feldmann_Olaf_1937__1";"DE_Feldmann_Olaf_1937";"Feldmann";"Olaf";"09may1937";"10nov1994";"25oct1998";1994-11-10;1998-10-25;"NT_LE_T3_NA_01";"DE_NT-BT_1994"
"DE_Fell_Karl_1936__1";"DE_Fell_Karl_1936";"Fell";"Karl-Hubert";"16dec1936";"10nov1994";"05dec1996";1994-11-10;1996-12-05;"NT_LE_T3_NA_01";"DE_NT-BT_1994"
"DE_Ferner_Elke_1958__6";"DE_Ferner_Elke_1958";"Ferner";"Elke";"05may1958";"21nov1994";"25oct1998";1994-11-21;1998-10-25;"NT_LE_T3_NA_01";"DE_NT-BT_1994"
"DE_Fink_Ulf_1942__2";"DE_Fink_Ulf_1942";"Fink";"Ulf";"06oct1942";"10nov1994";"25oct1998";1994-11-10;1998-10-25;"NT_LE_T3_NA_01";"DE_NT-BT_1994"
"DE_Fischer_Andrea_1960__2";"DE_Fischer_Andrea_1960";"Fischer";"Andrea-Maria-Felicitas";"14jan1960";"10nov1994";"25oct1998";1994-11-10;1998-10-25;"NT_LE_T3_NA_01";"DE_NT-BT_1994"
"DE_Fischer_Dirk_1943__7";"DE_Fischer_Dirk_1943";"Fischer";"Dirk-Erik";"29nov1943";"10nov1994";"25oct1998";1994-11-10;1998-10-25;"NT_LE_T3_NA_01";"DE_NT-BT_1994"
"DE_Fischer_Helene_1935__1";"DE_Fischer_Helene_1935";"Fischer";"Helene-Franziska-Paula";"18jul1935";"10nov1994";"25oct1998";1994-11-10;1998-10-25;"NT_LE_T3_NA_01";"DE_NT-BT_1994"
"DE_Fischer_Joseph_1948__5";"DE_Fischer_Joseph_1948";"Fischer";"Joseph";"12apr1948";"10nov1994";"25oct1998";1994-11-10;1998-10-25;"NT_LE_T3_NA_01";"DE_NT-BT_1994"
"DE_Fischer_Lothar_1942__2";"DE_Fischer_Lothar_1942";"Fischer";"Lothar";"21jun1942";"10nov1994";"25oct1998";1994-11-10;1998-10-25;"NT_LE_T3_NA_01";"DE_NT-BT_1994"
"DE_Fograscher_Gabriele_1957__7";"DE_Fograscher_Gabriele_1957";"Fograscher";"Gabriele-Susanne";"06may1957";"10nov1994";"25oct1998";1994-11-10;1998-10-25;"NT_LE_T3_NA_01";"DE_NT-BT_1994"
"DE_Follak_Iris_1958__2";"DE_Follak_Iris_1958";"Follak";"Iris-Ruth";"16oct1958";"10nov1994";"25oct1998";1994-11-10;1998-10-25;"NT_LE_T3_NA_01";"DE_NT-BT_1994"
"DE_Formanski_Norbert_1951__2";"DE_Formanski_Norbert_1951";"Formanski";"Norbert";"01aug1951";"10nov1994";"25oct1998";1994-11-10;1998-10-25;"NT_LE_T3_NA_01";"DE_NT-BT_1994"
"DE_Francke_Klaus_1936__2";"DE_Francke_Klaus_1936";"Francke";"Klaus";"17jul1936";"10nov1994";"25oct1998";1994-11-10;1998-10-25;"NT_LE_T3_NA_01";"DE_NT-BT_1994"
"DE_Frankenhauser_Herbert_1945__6";"DE_Frankenhauser_Herbert_1945";"Frankenhauser";"Herbert-Otto";"23jul1945";"10nov1994";"25oct1998";1994-11-10;1998-10-25;"NT_LE_T3_NA_01";"DE_NT-BT_1994"
"DE_Freitag_Dagmar_1953__8";"DE_Freitag_Dagmar_1953";"Freitag";"Dagmar-Gabriele";"03mar1953";"10nov1994";"25oct1998";1994-11-10;1998-10-25;"NT_LE_T3_NA_01";"DE_NT-BT_1994"
"DE_Frick_Gisela_1946__2";"DE_Frick_Gisela_1946";"Frick";"Gisela";"23sep1946";"10nov1994";"25oct1998";1994-11-10;1998-10-25;"NT_LE_T3_NA_01";"DE_NT-BT_1994"
"DE_Friedhoff_Paul_1943__4";"DE_Friedhoff_Paul_1943";"Friedhoff";"Paul-Klemens";"02feb1943";"10nov1994";"25oct1998";1994-11-10;1998-10-25;"NT_LE_T3_NA_01";"DE_NT-BT_1994"
"DE_Friedrich_Gerhard_1948__2";"DE_Friedrich_Gerhard_1948";"Friedrich";"Gerhard-Hans";"10mar1948";"10nov1994";"25oct1998";1994-11-10;1998-10-25;"NT_LE_T3_NA_01";"DE_NT-BT_1994"
"DE_Friedrich_Horst_1950__5";"DE_Friedrich_Horst_1950";"Friedrich";"Horst";"12oct1950";"10nov1994";"25oct1998";1994-11-10;1998-10-25;"NT_LE_T3_NA_01";"DE_NT-BT_1994"
"DE_Fritz_Erich_1946__6";"DE_Fritz_Erich_1946";"Fritz";"Erich-Georg";"09dec1946";"10nov1994";"25oct1998";1994-11-10;1998-10-25;"NT_LE_T3_NA_01";"DE_NT-BT_1994"
"DE_Fuchs_Anke_1937__2";"DE_Fuchs_Anke_1937";"Fuchs";"Anke-Ida-Louise";"05jul1937";"10nov1994";"25oct1998";1994-11-10;1998-10-25;"NT_LE_T3_NA_01";"DE_NT-BT_1994"
"DE_Fuchs_Katrin_1938__1";"DE_Fuchs_Katrin_1938";"Fuchs";"Katrin";"25may1938";"10nov1994";"25oct1998";1994-11-10;1998-10-25;"NT_LE_T3_NA_01";"DE_NT-BT_1994"
"DE_Fuchs_Ruth_1946__2";"DE_Fuchs_Ruth_1946";"Fuchs";"Ruth";"14dec1946";"10nov1994";"25oct1998";1994-11-10;1998-10-25;"NT_LE_T3_NA_01";"DE_NT-BT_1994"
"DE_Fuchtel_Hans_1952__8";"DE_Fuchtel_Hans_1952";"Fuchtel";"Hans-Joachim";"13feb1952";"10nov1994";"25oct1998";1994-11-10;1998-10-25;"NT_LE_T3_NA_01";"DE_NT-BT_1994"
"DE_Fuhrmann_Arne_1941__2";"DE_Fuhrmann_Arne_1941";"Fuhrmann";"Arne-Irmfried";"05jun1941";"10nov1994";"25oct1998";1994-11-10;1998-10-25;"NT_LE_T3_NA_01";"DE_NT-BT_1994"
"DE_Funke_Rainer_1940__4";"DE_Funke_Rainer_1940";"Funke";"Rainer-Christoph";"18nov1940";"10nov1994";"25oct1998";1994-11-10;1998-10-25;"NT_LE_T3_NA_01";"DE_NT-BT_1994"
"DE_Ganseforth_Monika_1940__2";"DE_Ganseforth_Monika_1940";"Ganseforth";"Monika";"15dec1940";"10nov1994";"25oct1998";1994-11-10;1998-10-25;"NT_LE_T3_NA_01";"DE_NT-BT_1994"
"DE_Gansel_Norbert_1940__1";"DE_Gansel_Norbert_1940";"Gansel";"Norbert-Tronje";"05aug1940";"10nov1994";"16jun1997";1994-11-10;1997-06-16;"NT_LE_T3_NA_01";"DE_NT-BT_1994"
"DE_Geiger_Michaela_1943__2";"DE_Geiger_Michaela_1943";"Geiger";"Michaela-Gertrud";"29sep1943";"10nov1994";"25oct1998";1994-11-10;1998-10-25;"NT_LE_T3_NA_01";"DE_NT-BT_1994"
"DE_Geis_Norbert_1939__6";"DE_Geis_Norbert_1939";"Geis";"Norbert";"13jan1939";"10nov1994";"25oct1998";1994-11-10;1998-10-25;"NT_LE_T3_NA_01";"DE_NT-BT_1994"
"DE_Geissler_Heiner_1930__2";"DE_Geissler_Heiner_1930";"Geissler";"Heinrich-Heiner";"03mar1930";"10nov1994";"25oct1998";1994-11-10;1998-10-25;"NT_LE_T3_NA_01";"DE_NT-BT_1994"
"DE_Genscher_Hans_1927__1";"DE_Genscher_Hans_1927";"Genscher";"Hans-Dietrich";"21mar1927";"10nov1994";"25oct1998";1994-11-10;1998-10-25;"NT_LE_T3_NA_01";"DE_NT-BT_1994"
"DE_Gerhardt_Wolfgang_1943__6";"DE_Gerhardt_Wolfgang_1943";"Gerhardt";"Wolfgang";"31dec1943";"10nov1994";"25oct1998";1994-11-10;1998-10-25;"NT_LE_T3_NA_01";"DE_NT-BT_1994"
"DE_Gilges_Konrad_1941__2";"DE_Gilges_Konrad_1941";"Gilges";"Konrad";"13feb1941";"10nov1994";"25oct1998";1994-11-10;1998-10-25;"NT_LE_T3_NA_01";"DE_NT-BT_1994"
"DE_Gleicke_Iris_1964__7";"DE_Gleicke_Iris_1964";"Gleicke";"Iris-Petra";"18jul1964";"10nov1994";"25oct1998";1994-11-10;1998-10-25;"NT_LE_T3_NA_01";"DE_NT-BT_1994"
"DE_Glos_Michael_1944__6";"DE_Glos_Michael_1944";"Glos";"Michael-Robert";"14dec1944";"10nov1994";"25oct1998";1994-11-10;1998-10-25;"NT_LE_T3_NA_01";"DE_NT-BT_1994"
"DE_Gloser_Guenter_1950__6";"DE_Gloser_Guenter_1950";"Gloser";"Guenter-Alfred";"27jan1950";"10nov1994";"25oct1998";1994-11-10;1998-10-25;"NT_LE_T3_NA_01";"DE_NT-BT_1994"
"DE_Glotz_Peter_1939__1";"DE_Glotz_Peter_1939";"Glotz";"Peter";"06mar1939";"10nov1994";"24sep1996";1994-11-10;1996-09-24;"NT_LE_T3_NA_01";"DE_NT-BT_1994"
"DE_Gluecklich_Wilma_1952__1";"DE_Gluecklich_Wilma_1952";"Gluecklich";"Wilma";"18sep1952";"10nov1994";"25oct1998";1994-11-10;1998-10-25;"NT_LE_T3_NA_01";"DE_NT-BT_1994"
"DE_Goehner_Reinhard_1953__5";"DE_Goehner_Reinhard_1953";"Goehner";"Reinhard";"16jan1953";"10nov1994";"25oct1998";1994-11-10;1998-10-25;"NT_LE_T3_NA_01";"DE_NT-BT_1994"
"DE_Goellner_Uwe_1945__4";"DE_Goellner_Uwe_1945";"Goellner";"Uwe-Gert";"14feb1945";"12feb1996";"25oct1998";1996-02-12;1998-10-25;"NT_LE_T3_NA_01";"DE_NT-BT_1994"
"DE_Goetz_Peter_1947__6";"DE_Goetz_Peter_1947";"Goetz";"Peter";"24sep1947";"10nov1994";"25oct1998";1994-11-10;1998-10-25;"NT_LE_T3_NA_01";"DE_NT-BT_1994"
"DE_Goetzer_Wolfgang_1955__6";"DE_Goetzer_Wolfgang_1955";"Goetzer";"Wolfgang-Bernhard-Martin";"10jan1955";"10nov1994";"25oct1998";1994-11-10;1998-10-25;"NT_LE_T3_NA_01";"DE_NT-BT_1994"
"DE_Graf_Angelika_1947__6";"DE_Graf_Angelika_1947";"Graf";"Angelika-Elisabeth";"10may1947";"10nov1994";"25oct1998";1994-11-10;1998-10-25;"NT_LE_T3_NA_01";"DE_NT-BT_1994"
"DE_Graf_Guenter_1941__2";"DE_Graf_Guenter_1941";"Graf";"Guenter-Guido-Ernst";"01dec1941";"10nov1994";"25oct1998";1994-11-10;1998-10-25;"NT_LE_T3_NA_01";"DE_NT-BT_1994"
"DE_Grasedieck_Dieter_1945__5";"DE_Grasedieck_Dieter_1945";"Grasedieck";"Dieter";"02jul1945";"10nov1994";"25oct1998";1994-11-10;1998-10-25;"NT_LE_T3_NA_01";"DE_NT-BT_1994"
"DE_Gres_Joachim_1947__1";"DE_Gres_Joachim_1947";"Gres";"Joachim";"01mar1947";"10nov1994";"25oct1998";1994-11-10;1998-10-25;"NT_LE_T3_NA_01";"DE_NT-BT_1994"
"DE_Griesshaber_Rita_1950__2";"DE_Griesshaber_Rita_1950";"Griesshaber";"Rita";"27may1950";"10nov1994";"25oct1998";1994-11-10;1998-10-25;"NT_LE_T3_NA_01";"DE_NT-BT_1994"
"DE_Grill_Kurt_1943__4";"DE_Grill_Kurt_1943";"Grill";"Kurt-Dieter";"28dec1943";"10nov1994";"25oct1998";1994-11-10;1998-10-25;"NT_LE_T3_NA_01";"DE_NT-BT_1994"
"DE_Groebl_Wolfgang_1941__1";"DE_Groebl_Wolfgang_1941";"Groebl";"Wolfgang";"12mar1941";"10nov1994";"25oct1998";1994-11-10;1998-10-25;"NT_LE_T3_NA_01";"DE_NT-BT_1994"
"DE_Groehe_Hermann_1961__1";"DE_Groehe_Hermann_1961";"Groehe";"Hermann";"25feb1961";"10nov1994";"25oct1998";1994-11-10;1998-10-25;"NT_LE_T3_NA_01";"DE_NT-BT_1994"
"DE_Grossmann_Achim_1947__5";"DE_Grossmann_Achim_1947";"Grossmann";"Achim";"17apr1947";"10nov1994";"25oct1998";1994-11-10;1998-10-25;"NT_LE_T3_NA_01";"DE_NT-BT_1994"
"DE_Grotz_Claus_1957__1";"DE_Grotz_Claus_1957";"Grotz";"Claus-Peter";"22apr1957";"10nov1994";"25oct1998";1994-11-10;1998-10-25;"NT_LE_T3_NA_01";"DE_NT-BT_1994"
"DE_Grund_Manfred_1955__8";"DE_Grund_Manfred_1955";"Grund";"Manfred";"03jul1955";"10nov1994";"25oct1998";1994-11-10;1998-10-25;"NT_LE_T3_NA_01";"DE_NT-BT_1994"
"DE_Guenther_Horst_1939__2";"DE_Guenther_Horst_1939";"Guenther";"Horst-Siegfried";"17jul1939";"10nov1994";"25oct1998";1994-11-10;1998-10-25;"NT_LE_T3_NA_01";"DE_NT-BT_1994"
"DE_Guenther_Joachim_1948__6";"DE_Guenther_Joachim_1948";"Guenther";"Joachim";"22oct1948";"10nov1994";"25oct1998";1994-11-10;1998-10-25;"NT_LE_T3_NA_01";"DE_NT-BT_1994"
"DE_Guttmacher_Karlheinz_1942__4";"DE_Guttmacher_Karlheinz_1942";"Guttmacher";"Karlheinz-Fritz";"24aug1942";"10nov1994";"25oct1998";1994-11-10;1998-10-25;"NT_LE_T3_NA_01";"DE_NT-BT_1994"
"DE_Gysi_Gregor_1948__6";"DE_Gysi_Gregor_1948";"Gysi";"Gregor-Florian";"16jan1948";"10nov1994";"25oct1998";1994-11-10;1998-10-25;"NT_LE_T3_NA_01";"DE_NT-BT_1994"
"DE_Haack_Karl_1940__4";"DE_Haack_Karl_1940";"Haack";"Karl-Hermann";"17feb1940";"10nov1994";"25oct1998";1994-11-10;1998-10-25;"NT_LE_T3_NA_01";"DE_NT-BT_1994"
"DE_Hacker_Hans_1949__6";"DE_Hacker_Hans_1949";"Hacker";"Hans-Joachim";"10oct1949";"10nov1994";"25oct1998";1994-11-10;1998-10-25;"NT_LE_T3_NA_01";"DE_NT-BT_1994"
"DE_Haefner_Gerald_1956__2";"DE_Haefner_Gerald_1956";"Haefner";"Gerald";"03nov1956";"10nov1994";"25oct1998";1994-11-10;1998-10-25;"NT_LE_T3_NA_01";"DE_NT-BT_1994"
"DE_Hagemann_Klaus_1947__6";"DE_Hagemann_Klaus_1947";"Hagemann";"Klaus";"31dec1947";"10nov1994";"25oct1998";1994-11-10;1998-10-25;"NT_LE_T3_NA_01";"DE_NT-BT_1994"
"DE_Hammerstein_Carl_1938__2";"DE_Hammerstein_Carl_1938";"Hammerstein";"Carl-Detlev";"26jan1938";"10nov1994";"25oct1998";1994-11-10;1998-10-25;"NT_LE_T3_NA_01";"DE_NT-BT_1994"
"DE_Hampel_Manfred_1942__2";"DE_Hampel_Manfred_1942";"Hampel";"Manfred-Eugen";"14jun1942";"10nov1994";"25oct1998";1994-11-10;1998-10-25;"NT_LE_T3_NA_01";"DE_NT-BT_1994"
"DE_Hanewinckel_Christel_1947__2";"DE_Hanewinckel_Christel_1947";"vonundzuLerchenfeld";"Christel";"06apr1947";"10nov1994";"25oct1998";1994-11-10;1998-10-25;"NT_LE_T3_NA_01";"DE_NT-BT_1994"
"DE_Hartenbach_Alfred_1943__5";"DE_Hartenbach_Alfred_1943";"Hartenbach";"Alfred";"05mar1943";"10nov1994";"25oct1998";1994-11-10;1998-10-25;"NT_LE_T3_NA_01";"DE_NT-BT_1994"
"DE_Hartenstein_Liesel_1928__1";"DE_Hartenstein_Liesel_1928";"Hartenstein";"Liesel";"20sep1928";"10nov1994";"25oct1998";1994-11-10;1998-10-25;"NT_LE_T3_NA_01";"DE_NT-BT_1994"
"DE_Hartmann_Hanns_1943__1";"DE_Hartmann_Hanns_1943";"Hartmann";"Hanns-Peter";"27sep1943";"25nov1995";"25oct1998";1995-11-25;1998-10-25;"NT_LE_T3_NA_01";"DE_NT-BT_1994"
"DE_Haschke_Gottfried_1935__2";"DE_Haschke_Gottfried_1935";"Haschke";"Gottfried-Christian-Helmut";"25mar1935";"10nov1994";"25oct1998";1994-11-10;1998-10-25;"NT_LE_T3_NA_01";"DE_NT-BT_1994"
"DE_Hasenfratz_Klaus_1946__2";"DE_Hasenfratz_Klaus_1946";"Hasenfratz";"Klaus";"31may1946";"10nov1994";"25oct1998";1994-11-10;1998-10-25;"NT_LE_T3_NA_01";"DE_NT-BT_1994"
"DE_Hasselfeldt_Gerda_1950__7";"DE_Hasselfeldt_Gerda_1950";"Hasselfeldt";"Gerda";"07jul1950";"10nov1994";"25oct1998";1994-11-10;1998-10-25;"NT_LE_T3_NA_01";"DE_NT-BT_1994"
"DE_Hauchler_Ingomar_1938__1";"DE_Hauchler_Ingomar_1938";"Hauchler";"Ingomar";"15mar1938";"10nov1994";"25oct1998";1994-11-10;1998-10-25;"NT_LE_T3_NA_01";"DE_NT-BT_1994"
"DE_Hauser_Hansgeorg_1943__2";"DE_Hauser_Hansgeorg_1943";"Hauser";"Hansgeorg";"20jun1943";"10nov1994";"25oct1998";1994-11-10;1998-10-25;"NT_LE_T3_NA_01";"DE_NT-BT_1994"
"DE_Hauser_Otto_1952__1";"DE_Hauser_Otto_1952";"Hauser";"Otto";"11jul1952";"10nov1994";"25oct1998";1994-11-10;1998-10-25;"NT_LE_T3_NA_01";"DE_NT-BT_1994"
"DE_Haussmann_Helmut_1943__2";"DE_Haussmann_Helmut_1943";"Haussmann";"Helmut";"18may1943";"10nov1994";"25oct1998";1994-11-10;1998-10-25;"NT_LE_T3_NA_01";"DE_NT-BT_1994"
"DE_Hedrich_Klaus_1941__4";"DE_Hedrich_Klaus_1941";"Hedrich";"Klaus-Juergen";"21dec1941";"10nov1994";"25oct1998";1994-11-10;1998-10-25;"NT_LE_T3_NA_01";"DE_NT-BT_1994"
"DE_Heiderich_Helmut_1949__6";"DE_Heiderich_Helmut_1949";"Heiderich";"Helmut";"04feb1949";"26feb1996";"25oct1998";1996-02-26;1998-10-25;"NT_LE_T3_NA_01";"DE_NT-BT_1994"
"DE_Heinrich_Ulrich_1939__4";"DE_Heinrich_Ulrich_1939";"Heinrich";"Ulrich";"11dec1939";"10nov1994";"25oct1998";1994-11-10;1998-10-25;"NT_LE_T3_NA_01";"DE_NT-BT_1994"
"DE_Heise_Manfred_1940__2";"DE_Heise_Manfred_1940";"Heise";"Manfred-Harald-Heinrich";"16nov1940";"10nov1994";"25oct1998";1994-11-10;1998-10-25;"NT_LE_T3_NA_01";"DE_NT-BT_1994"
"DE_Heistermann_Dieter_1936__1";"DE_Heistermann_Dieter_1936";"Heistermann";"Dieter";"30sep1936";"10nov1994";"25oct1998";1994-11-10;1998-10-25;"NT_LE_T3_NA_01";"DE_NT-BT_1994"
"DE_Hellwig_Renate_1940__1";"DE_Hellwig_Renate_1940";"Hellwig";"Renate";"19feb1940";"10nov1994";"25oct1998";1994-11-10;1998-10-25;"NT_LE_T3_NA_01";"DE_NT-BT_1994"
"DE_Hemker_Reinhold_1944__5";"DE_Hemker_Reinhold_1944";"Hemker";"Reinhold";"08oct1944";"10nov1994";"25oct1998";1994-11-10;1998-10-25;"NT_LE_T3_NA_01";"DE_NT-BT_1994"
"DE_Hempelmann_Rolf_1948__6";"DE_Hempelmann_Rolf_1948";"Hempelmann";"Rolf";"01jun1948";"10nov1994";"25oct1998";1994-11-10;1998-10-25;"NT_LE_T3_NA_01";"DE_NT-BT_1994"
"DE_Hendricks_Barbara_1952__8";"DE_Hendricks_Barbara_1952";"Hendricks";"Barbara-Anne";"29apr1952";"10nov1994";"25oct1998";1994-11-10;1998-10-25;"NT_LE_T3_NA_01";"DE_NT-BT_1994"
"DE_Hermenau_Antje_1964__1";"DE_Hermenau_Antje_1964";"Hermenau";"Antje-Sina-Elisabeth";"03jul1964";"10nov1994";"25oct1998";1994-11-10;1998-10-25;"NT_LE_T3_NA_01";"DE_NT-BT_1994"
"DE_Heubaum_Monika_1954__4";"DE_Heubaum_Monika_1954";"Heubaum";"Monika";"27feb1954";"10nov1994";"25oct1998";1994-11-10;1998-10-25;"NT_LE_T3_NA_01";"DE_NT-BT_1994"
"DE_Heuer_Uwe_1927__1";"DE_Heuer_Uwe_1927";"Heuer";"Uwe-Jens";"11jul1927";"10nov1994";"25oct1998";1994-11-10;1998-10-25;"NT_LE_T3_NA_01";"DE_NT-BT_1994"
"DE_Heyne_Kristin_1952__2";"DE_Heyne_Kristin_1952";"Heyne";"Kristin";"25feb1952";"10nov1994";"25oct1998";1994-11-10;1998-10-25;"NT_LE_T3_NA_01";"DE_NT-BT_1994"
"DE_Hiksch_Uwe_1964__2";"DE_Hiksch_Uwe_1964";"Hiksch";"Uwe";"12jul1964";"10nov1994";"25oct1998";1994-11-10;1998-10-25;"NT_LE_T3_NA_01";"DE_NT-BT_1994"
"DE_Hiller_Reinhold_1949__2";"DE_Hiller_Reinhold_1949";"Hiller";"Reinhold";"02aug1949";"10nov1994";"25oct1998";1994-11-10;1998-10-25;"NT_LE_T3_NA_01";"DE_NT-BT_1994"
"DE_Hilsberg_Stephan_1956__5";"DE_Hilsberg_Stephan_1956";"Hilsberg";"Stephan-Martin";"17feb1956";"10nov1994";"25oct1998";1994-11-10;1998-10-25;"NT_LE_T3_NA_01";"DE_NT-BT_1994"
"DE_Hinsken_Ernst_1943__6";"DE_Hinsken_Ernst_1943";"Hinsken";"Ernst-Wilhelm";"05feb1943";"10nov1994";"25oct1998";1994-11-10;1998-10-25;"NT_LE_T3_NA_01";"DE_NT-BT_1994"
"DE_Hintze_Peter_1950__7";"DE_Hintze_Peter_1950";"Hintze";"Peter-Paul-Wolfgang";"25apr1950";"10nov1994";"25oct1998";1994-11-10;1998-10-25;"NT_LE_T3_NA_01";"DE_NT-BT_1994"
"DE_Hirche_Walter_1941__2";"DE_Hirche_Walter_1941";"Hirche";"Walter";"13feb1941";"10nov1994";"25oct1998";1994-11-10;1998-10-25;"NT_LE_T3_NA_01";"DE_NT-BT_1994"
"DE_Hirsch_Burkhard_1930__1";"DE_Hirsch_Burkhard_1930";"Hirsch";"Burkhard";"29may1930";"10nov1994";"25oct1998";1994-11-10;1998-10-25;"NT_LE_T3_NA_01";"DE_NT-BT_1994"
"DE_Hoefer_Gerd_1943__5";"DE_Hoefer_Gerd_1943";"Hoefer";"Gerd-Rudolf";"23feb1943";"10nov1994";"25oct1998";1994-11-10;1998-10-25;"NT_LE_T3_NA_01";"DE_NT-BT_1994"
"DE_Hoefken_Ulrike_1955__6";"DE_Hoefken_Ulrike_1955";"Hoefken-Deipenbrock";"Ulrike-Sigrid";"14may1955";"10nov1994";"25oct1998";1994-11-10;1998-10-25;"NT_LE_T3_NA_01";"DE_NT-BT_1994"
"DE_Hoell_Barbara_1957__4";"DE_Hoell_Barbara_1957";"Hoell";"Barbara";"26dec1957";"10nov1994";"25oct1998";1994-11-10;1998-10-25;"NT_LE_T3_NA_01";"DE_NT-BT_1994"
"DE_Hoerster_Joachim_1945__6";"DE_Hoerster_Joachim_1945";"Hoerster";"Joachim";"26mar1945";"10nov1994";"25oct1998";1994-11-10;1998-10-25;"NT_LE_T3_NA_01";"DE_NT-BT_1994"
"DE_Hoffmann_Jelena_1947__4";"DE_Hoffmann_Jelena_1947";"Hoffmann";"Jelena";"22mar1947";"10nov1994";"25oct1998";1994-11-10;1998-10-25;"NT_LE_T3_NA_01";"DE_NT-BT_1994"
"DE_Hofmann_Frank_1949__6";"DE_Hofmann_Frank_1949";"Hofmann";"Frank-Walter-Gottfried";"21apr1949";"10nov1994";"25oct1998";1994-11-10;1998-10-25;"NT_LE_T3_NA_01";"DE_NT-BT_1994"
"DE_Hollerith_Josef_1955__2";"DE_Hollerith_Josef_1955";"Hollerith";"Josef";"10mar1955";"10nov1994";"25oct1998";1994-11-10;1998-10-25;"NT_LE_T3_NA_01";"DE_NT-BT_1994"
"DE_Holzhueter_Ingrid_1936__2";"DE_Holzhueter_Ingrid_1936";"Holzhueter";"Ingrid";"12nov1936";"10nov1994";"25oct1998";1994-11-10;1998-10-25;"NT_LE_T3_NA_01";"DE_NT-BT_1994"
"DE_Homburger_Birgit_1965__6";"DE_Homburger_Birgit_1965";"Homburger";"Birgit";"11apr1965";"10nov1994";"25oct1998";1994-11-10;1998-10-25;"NT_LE_T3_NA_01";"DE_NT-BT_1994"
"DE_Horn_Erwin_1929__1";"DE_Horn_Erwin_1929";"Horn";"Erwin";"02may1929";"10nov1994";"25oct1998";1994-11-10;1998-10-25;"NT_LE_T3_NA_01";"DE_NT-BT_1994"
"DE_Hornhues_Karl_1939__2";"DE_Hornhues_Karl_1939";"Hornhues";"Karl-Heinrich";"10jun1939";"10nov1994";"25oct1998";1994-11-10;1998-10-25;"NT_LE_T3_NA_01";"DE_NT-BT_1994"
"DE_Hornung_Siegfried_1938__2";"DE_Hornung_Siegfried_1938";"Hornung";"Siegfried";"08jul1938";"10nov1994";"25oct1998";1994-11-10;1998-10-25;"NT_LE_T3_NA_01";"DE_NT-BT_1994"
"DE_Hovermann_Eike_1946__5";"DE_Hovermann_Eike_1946";"Hovermann";"Eike-Anna-Maria";"27may1946";"13jan1995";"25oct1998";1995-01-13;1998-10-25;"NT_LE_T3_NA_01";"DE_NT-BT_1994"
"DE_Hoyer_Werner_1951__6";"DE_Hoyer_Werner_1951";"Hoyer";"Werner-Hans";"17nov1951";"10nov1994";"25oct1998";1994-11-10;1998-10-25;"NT_LE_T3_NA_01";"DE_NT-BT_1994"
"DE_Hueppe_Hubert_1956__7";"DE_Hueppe_Hubert_1956";"Hueppe";"Hubert-Wilhelm";"03nov1956";"10nov1994";"25oct1998";1994-11-10;1998-10-25;"NT_LE_T3_NA_01";"DE_NT-BT_1994"
"DE_Hustedt_Michaele_1958__4";"DE_Hustedt_Michaele_1958";"Hustedt";"Michaele";"15oct1958";"10nov1994";"25oct1998";1994-11-10;1998-10-25;"NT_LE_T3_NA_01";"DE_NT-BT_1994"
"DE_Ibruegger_Lothar_1944__5";"DE_Ibruegger_Lothar_1944";"Ibruegger";"Lothar-Fritz-Ludwig";"24dec1944";"10nov1994";"25oct1998";1994-11-10;1998-10-25;"NT_LE_T3_NA_01";"DE_NT-BT_1994"
"DE_Ilte_Wolfgang_1949__1";"DE_Ilte_Wolfgang_1949";"Ilte";"Wolfgang-Bernd";"16jan1949";"10nov1994";"25oct1998";1994-11-10;1998-10-25;"NT_LE_T3_NA_01";"DE_NT-BT_1994"
"DE_Imhof_Barbara_1952__4";"DE_Imhof_Barbara_1952";"Imhof";"Barbara";"15aug1952";"10nov1994";"25oct1998";1994-11-10;1998-10-25;"NT_LE_T3_NA_01";"DE_NT-BT_1994"
"DE_Irber_Brunhilde_1948__5";"DE_Irber_Brunhilde_1948";"Irber";"Brunhilde-Theresia";"27jul1948";"10nov1994";"25oct1998";1994-11-10;1998-10-25;"NT_LE_T3_NA_01";"DE_NT-BT_1994"
"DE_Irmer_Ulrich_1939__2";"DE_Irmer_Ulrich_1939";"Irmer";"Ulrich";"19jan1939";"10nov1994";"25oct1998";1994-11-10;1998-10-25;"NT_LE_T3_NA_01";"DE_NT-BT_1994"
"DE_Iwersen_Gabriele_1939__2";"DE_Iwersen_Gabriele_1939";"Iwersen";"Gabriele";"25oct1939";"10nov1994";"25oct1998";1994-11-10;1998-10-25;"NT_LE_T3_NA_01";"DE_NT-BT_1994"
"DE_Jacob_Willibald_1932__1";"DE_Jacob_Willibald_1932";"Jacob";"Willibald-Arno-Georg";"26jan1932";"10nov1994";"25oct1998";1994-11-10;1998-10-25;"NT_LE_T3_NA_01";"DE_NT-BT_1994"
"DE_Jacoby_Peter_1951__2";"DE_Jacoby_Peter_1951";"Jacoby";"Peter";"27apr1951";"10nov1994";"25oct1998";1994-11-10;1998-10-25;"NT_LE_T3_NA_01";"DE_NT-BT_1994"
"DE_Jaeger_Renate_1941__4";"DE_Jaeger_Renate_1941";"Jaeger";"Renate-Irmgard";"17jun1941";"10nov1994";"25oct1998";1994-11-10;1998-10-25;"NT_LE_T3_NA_01";"DE_NT-BT_1994"
"DE_Jaffke_Susanne_1949__5";"DE_Jaffke_Susanne_1949";"Jaffke";"Susanne";"12jul1949";"10nov1994";"25oct1998";1994-11-10;1998-10-25;"NT_LE_T3_NA_01";"DE_NT-BT_1994"
"DE_Janovsky_Georg_1944__2";"DE_Janovsky_Georg_1944";"Janovsky";"Georg-Gustav-Franz";"24nov1944";"10nov1994";"25oct1998";1994-11-10;1998-10-25;"NT_LE_T3_NA_01";"DE_NT-BT_1994"
"DE_Janssen_Jann_1945__4";"DE_Janssen_Jann_1945";"Janssen";"Jann-Peter";"12feb1945";"10nov1994";"25oct1998";1994-11-10;1998-10-25;"NT_LE_T3_NA_01";"DE_NT-BT_1994"
"DE_Janz_Ilse_1945__2";"DE_Janz_Ilse_1945";"Janz";"Ilse";"23apr1945";"10nov1994";"25oct1998";1994-11-10;1998-10-25;"NT_LE_T3_NA_01";"DE_NT-BT_1994"
"DE_Jawurek_Helmut_1963__1";"DE_Jawurek_Helmut_1963";"Jawurek";"Helmut";"06jul1963";"10nov1994";"25oct1998";1994-11-10;1998-10-25;"NT_LE_T3_NA_01";"DE_NT-BT_1994"
"DE_Jelpke_Ursula_1951__6";"DE_Jelpke_Ursula_1951";"Jelpke";"Ursula";"09jun1951";"10nov1994";"25oct1998";1994-11-10;1998-10-25;"NT_LE_T3_NA_01";"DE_NT-BT_1994"
"DE_Jens_Uwe_1935__2";"DE_Jens_Uwe_1935";"Jens";"Uwe";"02oct1935";"10nov1994";"25oct1998";1994-11-10;1998-10-25;"NT_LE_T3_NA_01";"DE_NT-BT_1994"
"DE_Jobst_Dionys_1927__1";"DE_Jobst_Dionys_1927";"Jobst";"Dionys";"05sep1927";"10nov1994";"25oct1998";1994-11-10;1998-10-25;"NT_LE_T3_NA_01";"DE_NT-BT_1994"
"DE_Jork_Rainer_1940__2";"DE_Jork_Rainer_1940";"Jork";"Rainer";"16mar1940";"10nov1994";"25oct1998";1994-11-10;1998-10-25;"NT_LE_T3_NA_01";"DE_NT-BT_1994"
"DE_Juettemann_Gerhard_1951__2";"DE_Juettemann_Gerhard_1951";"Juettemann";"Gerhard";"10oct1951";"10nov1994";"25oct1998";1994-11-10;1998-10-25;"NT_LE_T3_NA_01";"DE_NT-BT_1994"
"DE_Juettner_Egon_1942__6";"DE_Juettner_Egon_1942";"Juettner";"Egon";"20may1942";"10nov1994";"25oct1998";1994-11-10;1998-10-25;"NT_LE_T3_NA_01";"DE_NT-BT_1994"
"DE_Jung_Michael_1951__1";"DE_Jung_Michael_1951";"Jung";"Michael-Gerd-Hermann";"13apr1951";"10nov1994";"25oct1998";1994-11-10;1998-10-25;"NT_LE_T3_NA_01";"DE_NT-BT_1994"
"DE_Jung_Volker_1942__2";"DE_Jung_Volker_1942";"Jung";"Volker";"24feb1942";"10nov1994";"25oct1998";1994-11-10;1998-10-25;"NT_LE_T3_NA_01";"DE_NT-BT_1994"
"DE_Junghanns_Ulrich_1956__1";"DE_Junghanns_Ulrich_1956";"Junghanns";"Ulrich";"25may1956";"10nov1994";"25oct1998";1994-11-10;1998-10-25;"NT_LE_T3_NA_01";"DE_NT-BT_1994"
"DE_Kahl_Harald_1941__2";"DE_Kahl_Harald_1941";"Kahl";"Harald-Emil-Otto";"21jan1941";"10nov1994";"25oct1998";1994-11-10;1998-10-25;"NT_LE_T3_NA_01";"DE_NT-BT_1994"
"DE_Kalb_Bartholomaeus_1949__7";"DE_Kalb_Bartholomaeus_1949";"Kalb";"Bartholomaeus";"13aug1949";"10nov1994";"25oct1998";1994-11-10;1998-10-25;"NT_LE_T3_NA_01";"DE_NT-BT_1994"
"DE_Kampeter_Steffen_1963__7";"DE_Kampeter_Steffen_1963";"Kampeter";"Steffen";"18apr1963";"10nov1994";"25oct1998";1994-11-10;1998-10-25;"NT_LE_T3_NA_01";"DE_NT-BT_1994"
"DE_Kansy_Dietmar_1938__2";"DE_Kansy_Dietmar_1938";"Kansy";"Dietmar-Alfons";"18jul1938";"10nov1994";"25oct1998";1994-11-10;1998-10-25;"NT_LE_T3_NA_01";"DE_NT-BT_1994"
"DE_Kanther_Manfred_1939__2";"DE_Kanther_Manfred_1939";"Kanther";"Manfred";"26may1939";"10nov1994";"25oct1998";1994-11-10;1998-10-25;"NT_LE_T3_NA_01";"DE_NT-BT_1994"
"DE_Karwatzki_Irmgard_1940__4";"DE_Karwatzki_Irmgard_1940";"Karwatzki";"Irmgard-Elisabeth";"15dec1940";"10nov1994";"25oct1998";1994-11-10;1998-10-25;"NT_LE_T3_NA_01";"DE_NT-BT_1994"
"DE_Kaspereit_Sabine_1945__2";"DE_Kaspereit_Sabine_1945";"Kaspereit";"Erika-Sabine";"04aug1945";"10nov1994";"25oct1998";1994-11-10;1998-10-25;"NT_LE_T3_NA_01";"DE_NT-BT_1994"
"DE_Kastner_Susanne_1946__6";"DE_Kastner_Susanne_1946";"Kastner";"Susanne-Elisabeth";"11dec1946";"10nov1994";"25oct1998";1994-11-10;1998-10-25;"NT_LE_T3_NA_01";"DE_NT-BT_1994"
"DE_Kastning_Ernst_1938__1";"DE_Kastning_Ernst_1938";"Kastning";"Ernst";"01aug1938";"10nov1994";"25oct1998";1994-11-10;1998-10-25;"NT_LE_T3_NA_01";"DE_NT-BT_1994"
"DE_Kauder_Volker_1949__8";"DE_Kauder_Volker_1949";"Kauder";"Volker";"03sep1949";"10nov1994";"25oct1998";1994-11-10;1998-10-25;"NT_LE_T3_NA_01";"DE_NT-BT_1994"
"DE_Keller_Peter_1937__1";"DE_Keller_Peter_1937";"Keller";"Peter-Georg";"11oct1937";"10nov1994";"25oct1998";1994-11-10;1998-10-25;"NT_LE_T3_NA_01";"DE_NT-BT_1994"
"DE_Kemper_Hans_1944__4";"DE_Kemper_Hans_1944";"Kemper";"Hans-Peter";"12may1944";"10nov1994";"25oct1998";1994-11-10;1998-10-25;"NT_LE_T3_NA_01";"DE_NT-BT_1994"
"DE_Kinkel_Klaus_1936__2";"DE_Kinkel_Klaus_1936";"Kinkel";"Klaus";"17dec1936";"10nov1994";"25oct1998";1994-11-10;1998-10-25;"NT_LE_T3_NA_01";"DE_NT-BT_1994"
"DE_Kiper_Manuel_1949__1";"DE_Kiper_Manuel_1949";"Kiper";"Manuel";"24may1949";"10nov1994";"25oct1998";1994-11-10;1998-10-25;"NT_LE_T3_NA_01";"DE_NT-BT_1994"
"DE_Kirschner_Klaus_1941__4";"DE_Kirschner_Klaus_1941";"Kirschner";"Klaus";"04nov1941";"10nov1994";"25oct1998";1994-11-10;1998-10-25;"NT_LE_T3_NA_01";"DE_NT-BT_1994"
"DE_Klaeden_Eckart_1965__6";"DE_Klaeden_Eckart_1965";"Klaeden";"Eckart-Peter-Hans";"18nov1965";"10nov1994";"25oct1998";1994-11-10;1998-10-25;"NT_LE_T3_NA_01";"DE_NT-BT_1994"
"DE_Klappert_Marianne_1943__2";"DE_Klappert_Marianne_1943";"Klappert";"Marianne-Mechthilde";"28nov1943";"10nov1994";"25oct1998";1994-11-10;1998-10-25;"NT_LE_T3_NA_01";"DE_NT-BT_1994"
"DE_Klaussner_Bernd_1940__1";"DE_Klaussner_Bernd_1940";"Klaussner";"Bernd";"11jul1940";"10nov1994";"25oct1998";1994-11-10;1998-10-25;"NT_LE_T3_NA_01";"DE_NT-BT_1994"
"DE_Klein_Hans_1931__1";"DE_Klein_Hans_1931";"Klein";"Hans";"11jul1931";"10nov1994";"26nov1996";1994-11-10;1996-11-26;"NT_LE_T3_NA_01";"DE_NT-BT_1994"
"DE_Kleinert_Detlef_1932__1";"DE_Kleinert_Detlef_1932";"Kleinert";"Detlef";"26jul1932";"10nov1994";"25oct1998";1994-11-10;1998-10-25;"NT_LE_T3_NA_01";"DE_NT-BT_1994"
"DE_Klemmer_Siegrun_1939__2";"DE_Klemmer_Siegrun_1939";"Klemmer";"Siegrun";"13jun1939";"10nov1994";"25oct1998";1994-11-10;1998-10-25;"NT_LE_T3_NA_01";"DE_NT-BT_1994"
"DE_Klinkert_Ulrich_1955__2";"DE_Klinkert_Ulrich_1955";"Klinkert";"Ulrich";"23may1955";"10nov1994";"25oct1998";1994-11-10;1998-10-25;"NT_LE_T3_NA_01";"DE_NT-BT_1994"
"DE_Klose_Hans_1937__6";"DE_Klose_Hans_1937";"Klose";"Hans-Ulrich";"14jun1937";"10nov1994";"25oct1998";1994-11-10;1998-10-25;"NT_LE_T3_NA_01";"DE_NT-BT_1994"
"DE_Knaape_Hans_1934__1";"DE_Knaape_Hans_1934";"Knaape";"Hans-Hinrich";"16dec1934";"10nov1994";"25oct1998";1994-11-10;1998-10-25;"NT_LE_T3_NA_01";"DE_NT-BT_1994"
"DE_Knake_Heidi_1943__2";"DE_Knake_Heidi_1943";"Knake-Werner";"Heidi";"05mar1943";"10nov1994";"25oct1998";1994-11-10;1998-10-25;"NT_LE_T3_NA_01";"DE_NT-BT_1994"
"DE_Knoche_Monika_1954__3";"DE_Knoche_Monika_1954";"Knoche";"Monika";"24sep1954";"10nov1994";"25oct1998";1994-11-10;1998-10-25;"NT_LE_T3_NA_01";"DE_NT-BT_1994"
"DE_Koehler_Hans_1944__1";"DE_Koehler_Hans_1944";"Koehler";"Hans-Ulrich";"03sep1944";"10nov1994";"25oct1998";1994-11-10;1998-10-25;"NT_LE_T3_NA_01";"DE_NT-BT_1994"
"DE_Koehne_Rolf_1951__1";"DE_Koehne_Rolf_1951";"Koehne";"Rolf";"21nov1951";"10nov1994";"25oct1998";1994-11-10;1998-10-25;"NT_LE_T3_NA_01";"DE_NT-BT_1994"
"DE_Koenigshofen_Norbert_1943__5";"DE_Koenigshofen_Norbert_1943";"Koenigshofen";"Norbert-Ernst";"25jan1943";"10nov1994";"25oct1998";1994-11-10;1998-10-25;"NT_LE_T3_NA_01";"DE_NT-BT_1994"
"DE_Koerper_Fritz_1954__6";"DE_Koerper_Fritz_1954";"Koerper";"Fritz-Rudolf";"14nov1954";"10nov1994";"25oct1998";1994-11-10;1998-10-25;"NT_LE_T3_NA_01";"DE_NT-BT_1994"
"DE_Koester_Angelika_1947__2";"DE_Koester_Angelika_1947";"Koester-Lossack";"Angelika";"17mar1947";"10nov1994";"25oct1998";1994-11-10;1998-10-25;"NT_LE_T3_NA_01";"DE_NT-BT_1994"
"DE_Kohl_Helmut_1930__2";"DE_Kohl_Helmut_1930";"Kohl";"Helmut";"03apr1930";"10nov1994";"25oct1998";1994-11-10;1998-10-25;"NT_LE_T3_NA_01";"DE_NT-BT_1994"
"DE_Kohn_Roland_1950__1";"DE_Kohn_Roland_1950";"Kohn";"Roland-Artur";"25mar1950";"10nov1994";"25oct1998";1994-11-10;1998-10-25;"NT_LE_T3_NA_01";"DE_NT-BT_1994"
"DE_Kolb_Heinrich_1956__6";"DE_Kolb_Heinrich_1956";"Kolb";"Heinrich-Leonhard";"08jan1956";"10nov1994";"25oct1998";1994-11-10;1998-10-25;"NT_LE_T3_NA_01";"DE_NT-BT_1994"
"DE_Kolbe_Manfred_1953__5";"DE_Kolbe_Manfred_1953";"Kolbe";"Manfred-Lothar";"17aug1953";"10nov1994";"25oct1998";1994-11-10;1998-10-25;"NT_LE_T3_NA_01";"DE_NT-BT_1994"
"DE_Kolbow_Walter_1944__5";"DE_Kolbow_Walter_1944";"Kolbow";"Walter";"27apr1944";"10nov1994";"25oct1998";1994-11-10;1998-10-25;"NT_LE_T3_NA_01";"DE_NT-BT_1994"
"DE_Koppelin_Juergen_1945__6";"DE_Koppelin_Juergen_1945";"Koppelin";"Juergen-Heinz";"14sep1945";"10nov1994";"25oct1998";1994-11-10;1998-10-25;"NT_LE_T3_NA_01";"DE_NT-BT_1994"
"DE_Kors_Eva_1942__2";"DE_Kors_Eva_1942";"Kors";"Eva-Maria";"22may1942";"10nov1994";"25oct1998";1994-11-10;1998-10-25;"NT_LE_T3_NA_01";"DE_NT-BT_1994"
"DE_Koschyk_Hartmut_1959__7";"DE_Koschyk_Hartmut_1959";"Koschyk";"Hartmut-Josef-Maximilian";"16apr1959";"10nov1994";"25oct1998";1994-11-10;1998-10-25;"NT_LE_T3_NA_01";"DE_NT-BT_1994"
"DE_Koslowski_Manfred_1942__1";"DE_Koslowski_Manfred_1942";"Koslowski";"Manfred";"18jan1942";"10nov1994";"25oct1998";1994-11-10;1998-10-25;"NT_LE_T3_NA_01";"DE_NT-BT_1994"
"DE_Kossendey_Thomas_1948__6";"DE_Kossendey_Thomas_1948";"Kossendey";"Thomas";"04mar1948";"10nov1994";"25oct1998";1994-11-10;1998-10-25;"NT_LE_T3_NA_01";"DE_NT-BT_1994"
"DE_Kraus_Rudolf_1941__4";"DE_Kraus_Rudolf_1941";"Kraus";"Rudolf";"27feb1941";"10nov1994";"25oct1998";1994-11-10;1998-10-25;"NT_LE_T3_NA_01";"DE_NT-BT_1994"
"DE_Krause_Wolfgang_1936__1";"DE_Krause_Wolfgang_1936";"Krause";"Wolfgang-Erich-Heinrich";"04feb1936";"10nov1994";"25oct1998";1994-11-10;1998-10-25;"NT_LE_T3_NA_01";"DE_NT-BT_1994"
"DE_Krautscheid_Andreas_1961__1";"DE_Krautscheid_Andreas_1961";"Krautscheid";"Andreas";"11feb1961";"10nov1994";"25oct1998";1994-11-10;1998-10-25;"NT_LE_T3_NA_01";"DE_NT-BT_1994"
"DE_Kressl_Nicolette_1958__6";"DE_Kressl_Nicolette_1958";"Kressl";"Nicolette";"29oct1958";"10nov1994";"25oct1998";1994-11-10;1998-10-25;"NT_LE_T3_NA_01";"DE_NT-BT_1994"
"DE_Kriedner_Arnulf_1938__1";"DE_Kriedner_Arnulf_1938";"Kriedner";"Arnulf-Richard-Ernst-Fritz";"16may1938";"10nov1994";"25oct1998";1994-11-10;1998-10-25;"NT_LE_T3_NA_01";"DE_NT-BT_1994"
"DE_Kroening_Volker_1945__5";"DE_Kroening_Volker_1945";"Kroening";"Volker";"15mar1945";"10nov1994";"25oct1998";1994-11-10;1998-10-25;"NT_LE_T3_NA_01";"DE_NT-BT_1994"
"DE_Kronberg_Heinz_1959__1";"DE_Kronberg_Heinz_1959";"Kronberg";"Heinz-Juergen";"15jun1959";"10nov1994";"25oct1998";1994-11-10;1998-10-25;"NT_LE_T3_NA_01";"DE_NT-BT_1994"
"DE_Krueger_Paul_1950__2";"DE_Krueger_Paul_1950";"Krueger";"Paul-Peter";"07mar1950";"10nov1994";"25oct1998";1994-11-10;1998-10-25;"NT_LE_T3_NA_01";"DE_NT-BT_1994"
"DE_Krueger_Thomas_1959__1";"DE_Krueger_Thomas_1959";"Krueger";"Thomas";"20jun1959";"10nov1994";"25oct1998";1994-11-10;1998-10-25;"NT_LE_T3_NA_01";"DE_NT-BT_1994"
"DE_Krziskewitz_Reiner_1942__1";"DE_Krziskewitz_Reiner_1942";"Krziskewitz";"Reiner-Eberhard";"19sep1942";"10nov1994";"25oct1998";1994-11-10;1998-10-25;"NT_LE_T3_NA_01";"DE_NT-BT_1994"
"DE_Kubatschka_Horst_1941__4";"DE_Kubatschka_Horst_1941";"Kubatschka";"Horst";"10jun1941";"10nov1994";"25oct1998";1994-11-10;1998-10-25;"NT_LE_T3_NA_01";"DE_NT-BT_1994"
"DE_Kues_Hermann_1949__6";"DE_Kues_Hermann_1949";"Kues";"Hermann";"21nov1949";"10nov1994";"25oct1998";1994-11-10;1998-10-25;"NT_LE_T3_NA_01";"DE_NT-BT_1994"
"DE_Kuester_Uwe_1945__5";"DE_Kuester_Uwe_1945";"Kuester";"Uwe-Alfred-Max";"14jul1945";"10nov1994";"25oct1998";1994-11-10;1998-10-25;"NT_LE_T3_NA_01";"DE_NT-BT_1994"
"DE_Kuhlwein_Eckart_1938__1";"DE_Kuhlwein_Eckart_1938";"Kuhlwein";"Eckart-Adolf-Ulrich";"11apr1938";"10nov1994";"25oct1998";1994-11-10;1998-10-25;"NT_LE_T3_NA_01";"DE_NT-BT_1994"
"DE_Kuhn_Werner_1955__4";"DE_Kuhn_Werner_1955";"Kuhn";"Werner";"19may1955";"10nov1994";"25oct1998";1994-11-10;1998-10-25;"NT_LE_T3_NA_01";"DE_NT-BT_1994"
"DE_Kunick_Konrad_1940__2";"DE_Kunick_Konrad_1940";"Kunick";"Konrad";"15may1940";"10nov1994";"25oct1998";1994-11-10;1998-10-25;"NT_LE_T3_NA_01";"DE_NT-BT_1994"
"DE_Kurzhals_Christine_1950__1";"DE_Kurzhals_Christine_1950";"Kurzhals";"Christine";"31may1950";"10nov1994";"04may1998";1994-11-10;1998-05-04;"NT_LE_T3_NA_01";"DE_NT-BT_1994"
"DE_Kutzmutz_Rolf_1947__2";"DE_Kutzmutz_Rolf_1947";"Kutzmutz";"Rolf";"01sep1947";"10nov1994";"25oct1998";1994-11-10;1998-10-25;"NT_LE_T3_NA_01";"DE_NT-BT_1994"
"DE_Labsch_Werner_1937__2";"DE_Labsch_Werner_1937";"Labsch";"Werner";"15apr1937";"10nov1994";"25oct1998";1994-11-10;1998-10-25;"NT_LE_T3_NA_01";"DE_NT-BT_1994"
"DE_Laermann_Karl_1929__1";"DE_Laermann_Karl_1929";"Laermann";"Karl-Hans";"26dec1929";"10nov1994";"25oct1998";1994-11-10;1998-10-25;"NT_LE_T3_NA_01";"DE_NT-BT_1994"
"DE_Lambsdorff_Otto_1926__1";"DE_Lambsdorff_Otto_1926";"Lambsdorff";"Otto-Friedrich-Wilhelmr-Wenge";"20dec1926";"10nov1994";"25oct1998";1994-11-10;1998-10-25;"NT_LE_T3_NA_01";"DE_NT-BT_1994"
"DE_Lamers_Karl_1935__2";"DE_Lamers_Karl_1935";"Lamers";"Karl-Franz";"11nov1935";"10nov1994";"25oct1998";1994-11-10;1998-10-25;"NT_LE_T3_NA_01";"DE_NT-BT_1994"
"DE_Lamers_Karl_1951__8";"DE_Lamers_Karl_1951";"Lamers";"Karl-A";"12feb1951";"10nov1994";"25oct1998";1994-11-10;1998-10-25;"NT_LE_T3_NA_01";"DE_NT-BT_1994"
"DE_Lammert_Norbert_1948__7";"DE_Lammert_Norbert_1948";"Lammert";"Norbert";"16nov1948";"10nov1994";"25oct1998";1994-11-10;1998-10-25;"NT_LE_T3_NA_01";"DE_NT-BT_1994"
"DE_Lamp_Helmut_1946__5";"DE_Lamp_Helmut_1946";"Lamp";"Helmut-Johannes";"03jul1946";"10nov1994";"25oct1998";1994-11-10;1998-10-25;"NT_LE_T3_NA_01";"DE_NT-BT_1994"
"DE_Lange_Brigitte_1939__2";"DE_Lange_Brigitte_1939";"Lange";"Brigitte";"06nov1939";"10nov1994";"25oct1998";1994-11-10;1998-10-25;"NT_LE_T3_NA_01";"DE_NT-BT_1994"
"DE_Larcher_Detlev_1937__2";"DE_Larcher_Detlev_1937";"Larcher";"Detlev";"30mar1937";"10nov1994";"25oct1998";1994-11-10;1998-10-25;"NT_LE_T3_NA_01";"DE_NT-BT_1994"
"DE_Laschet_Armin_1961__1";"DE_Laschet_Armin_1961";"Laschet";"Armin";"18feb1961";"10nov1994";"25oct1998";1994-11-10;1998-10-25;"NT_LE_T3_NA_01";"DE_NT-BT_1994"
"DE_Lattmann_Herbert_1944__1";"DE_Lattmann_Herbert_1944";"Lattmann";"Herbert";"29nov1944";"10nov1994";"25oct1998";1994-11-10;1998-10-25;"NT_LE_T3_NA_01";"DE_NT-BT_1994"
"DE_Laufs_Paul_1938__2";"DE_Laufs_Paul_1938";"Laufs";"Paul";"22jun1938";"10nov1994";"25oct1998";1994-11-10;1998-10-25;"NT_LE_T3_NA_01";"DE_NT-BT_1994"
"DE_Laumann_Karl_1957__4";"DE_Laumann_Karl_1957";"Laumann";"Karl-Josef";"11jul1957";"10nov1994";"25oct1998";1994-11-10;1998-10-25;"NT_LE_T3_NA_01";"DE_NT-BT_1994"
"DE_Lederer_Andrea_1957__1";"DE_Lederer_Andrea_1957";"Lederer";"Andrea";"04oct1957";"10nov1994";"25oct1998";1994-11-10;1998-10-25;"NT_LE_T3_NA_01";"DE_NT-BT_1994"
"DE_Lehn_Waltraud_1947__5";"DE_Lehn_Waltraud_1947";"Lehn";"Waltraud";"12aug1947";"10nov1994";"25oct1998";1994-11-10;1998-10-25;"NT_LE_T3_NA_01";"DE_NT-BT_1994"
"DE_Leidinger_Robert_1941__2";"DE_Leidinger_Robert_1941";"Leidinger";"Robert";"03jul1941";"10nov1994";"25oct1998";1994-11-10;1998-10-25;"NT_LE_T3_NA_01";"DE_NT-BT_1994"
"DE_Lemke_Steffi_1968__4";"DE_Lemke_Steffi_1968";"Lemke";"Steffi";"19jan1968";"10nov1994";"25oct1998";1994-11-10;1998-10-25;"NT_LE_T3_NA_01";"DE_NT-BT_1994"
"DE_Lengsfeld_Vera_1952__1";"DE_Lengsfeld_Vera_1952";"Lengsfeld";"Vera-Cornelia";"04may1952";"10nov1994";"25oct1998";1994-11-10;1998-10-25;"NT_LE_T3_NA_01";"DE_NT-BT_1994"
"DE_Lennartz_Klaus_1944__2";"DE_Lennartz_Klaus_1944";"Lennartz";"Klaus-Johann";"03mar1944";"10nov1994";"25oct1998";1994-11-10;1998-10-25;"NT_LE_T3_NA_01";"DE_NT-BT_1994"
"DE_Lensing_Werner_1938__4";"DE_Lensing_Werner_1938";"Lensing";"Werner-Ludwig-Wilhelm";"30oct1938";"10nov1994";"25oct1998";1994-11-10;1998-10-25;"NT_LE_T3_NA_01";"DE_NT-BT_1994"
"DE_Lenzer_Christian_1933__1";"DE_Lenzer_Christian_1933";"Lenzer";"Christian";"19feb1933";"10nov1994";"25oct1998";1994-11-10;1998-10-25;"NT_LE_T3_NA_01";"DE_NT-BT_1994"
"DE_Leonhard_Elke_1949__4";"DE_Leonhard_Elke_1949";"Leonhard-Schmid";"Elke-Elisabeth-Martha";"17may1949";"10nov1994";"25oct1998";1994-11-10;1998-10-25;"NT_LE_T3_NA_01";"DE_NT-BT_1994"
"DE_Letzgus_Peter_1941__4";"DE_Letzgus_Peter_1941";"Letzgus";"Peter-Karl";"01dec1941";"10nov1994";"25oct1998";1994-11-10;1998-10-25;"NT_LE_T3_NA_01";"DE_NT-BT_1994"
"DE_Leutheusser_Sabine_1951__6";"DE_Leutheusser_Sabine_1951";"Leutheusser-Schnarrenberger";"Sabine";"26jul1951";"10nov1994";"25oct1998";1994-11-10;1998-10-25;"NT_LE_T3_NA_01";"DE_NT-BT_1994"
"DE_Limbach_Editha_1933__1";"DE_Limbach_Editha_1933";"Limbach";"Editha-Maria-Corinna-Stephana-Peterle";"01feb1933";"10nov1994";"25oct1998";1994-11-10;1998-10-25;"NT_LE_T3_NA_01";"DE_NT-BT_1994"
"DE_Link_Walter_1937__4";"DE_Link_Walter_1937";"Link";"Walter";"21jul1937";"10nov1994";"25oct1998";1994-11-10;1998-10-25;"NT_LE_T3_NA_01";"DE_NT-BT_1994"
"DE_Lintner_Eduard_1944__5";"DE_Lintner_Eduard_1944";"Lintner";"Eduard";"04nov1944";"10nov1994";"25oct1998";1994-11-10;1998-10-25;"NT_LE_T3_NA_01";"DE_NT-BT_1994"
"DE_Lippelt_Helmut_1932__2";"DE_Lippelt_Helmut_1932";"Lippelt";"Helmut";"24mar1932";"10nov1994";"25oct1998";1994-11-10;1998-10-25;"NT_LE_T3_NA_01";"DE_NT-BT_1994"
"DE_Lippold_Klaus_1943__5";"DE_Lippold_Klaus_1943";"Lippold";"Klaus-Wilhelm";"14feb1943";"10nov1994";"25oct1998";1994-11-10;1998-10-25;"NT_LE_T3_NA_01";"DE_NT-BT_1994"
"DE_Lischewski_Manfred_1940__2";"DE_Lischewski_Manfred_1940";"Lischewski";"Manfred-Heinz";"02sep1940";"10nov1994";"25oct1998";1994-11-10;1998-10-25;"NT_LE_T3_NA_01";"DE_NT-BT_1994"
"DE_Loercher_Christa_1941__2";"DE_Loercher_Christa_1941";"Loercher";"Christa-Gisela";"24jun1941";"10nov1994";"25oct1998";1994-11-10;1998-10-25;"NT_LE_T3_NA_01";"DE_NT-BT_1994"
"DE_Loewisch_Sigrun_1942__1";"DE_Loewisch_Sigrun_1942";"Loewisch";"Sigrun";"08nov1942";"10nov1994";"25oct1998";1994-11-10;1998-10-25;"NT_LE_T3_NA_01";"DE_NT-BT_1994"
"DE_Lohmann_Klaus_1936__1";"DE_Lohmann_Klaus_1936";"Lohmann";"Klaus";"17mar1936";"10nov1994";"25oct1998";1994-11-10;1998-10-25;"NT_LE_T3_NA_01";"DE_NT-BT_1994"
"DE_Lohmann_Wolfgang_1935__2";"DE_Lohmann_Wolfgang_1935";"Lohmann";"Wolfgang-Friedrich";"29may1935";"10nov1994";"25oct1998";1994-11-10;1998-10-25;"NT_LE_T3_NA_01";"DE_NT-BT_1994"
"DE_Lotz_Erika_1943__4";"DE_Lotz_Erika_1943";"Lotz";"Erika";"09sep1943";"10nov1994";"25oct1998";1994-11-10;1998-10-25;"NT_LE_T3_NA_01";"DE_NT-BT_1994"
"DE_Louven_Julius_1933__2";"DE_Louven_Julius_1933";"Louven";"Julius";"18feb1933";"10nov1994";"25oct1998";1994-11-10;1998-10-25;"NT_LE_T3_NA_01";"DE_NT-BT_1994"
"DE_Lucyga_Christine_1944__4";"DE_Lucyga_Christine_1944";"Lucyga";"Christine-Maria-Elly";"06apr1944";"10nov1994";"25oct1998";1994-11-10;1998-10-25;"NT_LE_T3_NA_01";"DE_NT-BT_1994"
"DE_Luehr_Uwe_1949__1";"DE_Luehr_Uwe_1949";"Luehr";"Uwe-Bernd";"17mar1949";"10nov1994";"25oct1998";1994-11-10;1998-10-25;"NT_LE_T3_NA_01";"DE_NT-BT_1994"
"DE_Lueth_Heidemarie_1946__2";"DE_Lueth_Heidemarie_1946";"Lueth";"Heidemarie";"24sep1946";"10nov1994";"25oct1998";1994-11-10;1998-10-25;"NT_LE_T3_NA_01";"DE_NT-BT_1994"
"DE_Luft_Christa_1938__2";"DE_Luft_Christa_1938";"Luft";"Christa";"22feb1938";"10nov1994";"25oct1998";1994-11-10;1998-10-25;"NT_LE_T3_NA_01";"DE_NT-BT_1994"
"DE_Lummer_Heinrich_1932__3";"DE_Lummer_Heinrich_1932";"Lummer";"Heinrich-Jodokus";"21nov1932";"10nov1994";"25oct1998";1994-11-10;1998-10-25;"NT_LE_T3_NA_01";"DE_NT-BT_1994"
"DE_Luther_Michael_1956__6";"DE_Luther_Michael_1956";"Luther";"Michael-Andreas";"27sep1956";"10nov1994";"25oct1998";1994-11-10;1998-10-25;"NT_LE_T3_NA_01";"DE_NT-BT_1994"
"DE_Maass_Dieter_1939__2";"DE_Maass_Dieter_1939";"Maass";"Dieter";"07mar1939";"10nov1994";"25oct1998";1994-11-10;1998-10-25;"NT_LE_T3_NA_01";"DE_NT-BT_1994"
"DE_Maass_Erich_1944__2";"DE_Maass_Erich_1944";"Maass";"Erich-Rudolf-Walter";"01mar1944";"10nov1994";"25oct1998";1994-11-10;1998-10-25;"NT_LE_T3_NA_01";"DE_NT-BT_1994"
"DE_Mahlo_Dietrich_1935__1";"DE_Mahlo_Dietrich_1935";"Mahlo";"Dietrich";"08jan1935";"10nov1994";"25oct1998";1994-11-10;1998-10-25;"NT_LE_T3_NA_01";"DE_NT-BT_1994"
"DE_Maleuda_Guenther_1931__1";"DE_Maleuda_Guenther_1931";"Maleuda";"Guenther";"20jan1931";"10nov1994";"25oct1998";1994-11-10;1998-10-25;"NT_LE_T3_NA_01";"DE_NT-BT_1994"
"DE_Mante_Winfried_1948__2";"DE_Mante_Winfried_1948";"Mante";"Winfried";"11feb1948";"10nov1994";"25oct1998";1994-11-10;1998-10-25;"NT_LE_T3_NA_01";"DE_NT-BT_1994"
"DE_Marschewski_Erwin_1940__4";"DE_Marschewski_Erwin_1940";"Marschewski";"Erwin-Hermann";"31mar1940";"10nov1994";"25oct1998";1994-11-10;1998-10-25;"NT_LE_T3_NA_01";"DE_NT-BT_1994"
"DE_Marten_Guenter_1939__1";"DE_Marten_Guenter_1939";"Marten";"Guenter";"10mar1939";"10nov1994";"25oct1998";1994-11-10;1998-10-25;"NT_LE_T3_NA_01";"DE_NT-BT_1994"
"DE_Marx_Dorothea_1957__1";"DE_Marx_Dorothea_1957";"Marx";"Ulrike-Dorothea";"22dec1957";"10nov1994";"25oct1998";1994-11-10;1998-10-25;"NT_LE_T3_NA_01";"DE_NT-BT_1994"
"DE_Mascher_Ulrike_1938__2";"DE_Mascher_Ulrike_1938";"Mascher";"Ulrike";"24oct1938";"10nov1994";"25oct1998";1994-11-10;1998-10-25;"NT_LE_T3_NA_01";"DE_NT-BT_1994"
"DE_Matschie_Christoph_1961__5";"DE_Matschie_Christoph_1961";"Matschie";"Christoph-Andreas";"15jul1961";"10nov1994";"25oct1998";1994-11-10;1998-10-25;"NT_LE_T3_NA_01";"DE_NT-BT_1994"
"DE_Matthaeus_Ingrid_1945__2";"DE_Matthaeus_Ingrid_1945";"Matthaeus-Maier";"Ingrid";"09sep1945";"10nov1994";"25oct1998";1994-11-10;1998-10-25;"NT_LE_T3_NA_01";"DE_NT-BT_1994"
"DE_Mattischeck_Heide_1939__2";"DE_Mattischeck_Heide_1939";"Mattischeck";"Heide";"26may1939";"10nov1994";"25oct1998";1994-11-10;1998-10-25;"NT_LE_T3_NA_01";"DE_NT-BT_1994"
"DE_Mayer_Martin_1941__4";"DE_Mayer_Martin_1941";"Mayer";"Martin";"13oct1941";"10nov1994";"25oct1998";1994-11-10;1998-10-25;"NT_LE_T3_NA_01";"DE_NT-BT_1994"
"DE_Meckel_Markus_1952__2";"DE_Meckel_Markus_1952";"Meckel";"Markus-Johannes";"18aug1952";"10nov1994";"25oct1998";1994-11-10;1998-10-25;"NT_LE_T3_NA_01";"DE_NT-BT_1994"
"DE_Meckelburg_Wolfgang_1949__5";"DE_Meckelburg_Wolfgang_1949";"Meckelburg";"Wolfgang-Karl-Erich";"25aug1949";"02may1995";"25oct1998";1995-05-02;1998-10-25;"NT_LE_T3_NA_01";"DE_NT-BT_1994"
"DE_Mehl_Ulrike_1956__4";"DE_Mehl_Ulrike_1956";"Mehl";"Ulrike";"06aug1956";"10nov1994";"25oct1998";1994-11-10;1998-10-25;"NT_LE_T3_NA_01";"DE_NT-BT_1994"
"DE_Meinl_Rudolf_1934__1";"DE_Meinl_Rudolf_1934";"Meinl";"Rudolf-Horst";"02may1934";"10nov1994";"25oct1998";1994-11-10;1998-10-25;"NT_LE_T3_NA_01";"DE_NT-BT_1994"
"DE_Meissner_Herbert_1936__1";"DE_Meissner_Herbert_1936";"Meissner";"Herbert-Gustav-Friedrich";"15oct1936";"10nov1994";"25oct1998";1994-11-10;1998-10-25;"NT_LE_T3_NA_01";"DE_NT-BT_1994"
"DE_Meister_Michael_1961__8";"DE_Meister_Michael_1961";"Meister";"Michael-Guenther";"09jun1961";"10nov1994";"25oct1998";1994-11-10;1998-10-25;"NT_LE_T3_NA_01";"DE_NT-BT_1994"
"DE_Merkel_Angela_1954__8";"DE_Merkel_Angela_1954";"Merkel";"Angela-Dorothea";"17jul1954";"10nov1994";"25oct1998";1994-11-10;1998-10-25;"NT_LE_T3_NA_01";"DE_NT-BT_1994"
"DE_Mertens_Angelika_1952__4";"DE_Mertens_Angelika_1952";"Mertens";"Angelika";"11oct1952";"10nov1994";"25oct1998";1994-11-10;1998-10-25;"NT_LE_T3_NA_01";"DE_NT-BT_1994"
"DE_Merz_Friedrich_1955__5";"DE_Merz_Friedrich_1955";"Merz";"Friedrich";"11nov1955";"10nov1994";"25oct1998";1994-11-10;1998-10-25;"NT_LE_T3_NA_01";"DE_NT-BT_1994"
"DE_Metzger_Oswald_1954__2";"DE_Metzger_Oswald_1954";"Metzger";"Oswald";"19dec1954";"10nov1994";"25oct1998";1994-11-10;1998-10-25;"NT_LE_T3_NA_01";"DE_NT-BT_1994"
"DE_Meyer_Juergen_1936__2";"DE_Meyer_Juergen_1936";"Meyer";"Juergen";"26mar1936";"10nov1994";"25oct1998";1994-11-10;1998-10-25;"NT_LE_T3_NA_01";"DE_NT-BT_1994"
"DE_Meyer_Rudolf_1953__1";"DE_Meyer_Rudolf_1953";"Meyer";"Rudolf";"08mar1953";"10nov1994";"25oct1998";1994-11-10;1998-10-25;"NT_LE_T3_NA_01";"DE_NT-BT_1994"
"DE_Michelbach_Hans_1949__8";"DE_Michelbach_Hans_1949";"Michelbach";"Hans-Georg";"03may1949";"10nov1994";"25oct1998";1994-11-10;1998-10-25;"NT_LE_T3_NA_01";"DE_NT-BT_1994"
"DE_Michels_Meinolf_1935__2";"DE_Michels_Meinolf_1935";"Michels";"Meinolf";"02nov1935";"10nov1994";"25oct1998";1994-11-10;1998-10-25;"NT_LE_T3_NA_01";"DE_NT-BT_1994"
"DE_Moellemann_Juergen_1945__4";"DE_Moellemann_Juergen_1945";"Moellemann";"Juergen-Wilhelm";"15jul1945";"10nov1994";"25oct1998";1994-11-10;1998-10-25;"NT_LE_T3_NA_01";"DE_NT-BT_1994"
"DE_Mogg_Ursula_1953__5";"DE_Mogg_Ursula_1953";"Mogg";"Ursula";"12nov1953";"10nov1994";"25oct1998";1994-11-10;1998-10-25;"NT_LE_T3_NA_01";"DE_NT-BT_1994"
"DE_Mosdorf_Siegmar_1952__2";"DE_Mosdorf_Siegmar_1952";"Mosdorf";"Siegmar";"29jan1952";"10nov1994";"25oct1998";1994-11-10;1998-10-25;"NT_LE_T3_NA_01";"DE_NT-BT_1994"
"DE_Mueller_Christian_1947__4";"DE_Mueller_Christian_1947";"Mueller";"Christian-Gerhard";"24dec1947";"10nov1994";"25oct1998";1994-11-10;1998-10-25;"NT_LE_T3_NA_01";"DE_NT-BT_1994"
"DE_Mueller_Elmar_1942__2";"DE_Mueller_Elmar_1942";"Mueller";"Elmar-Hubert";"21may1942";"10nov1994";"25oct1998";1994-11-10;1998-10-25;"NT_LE_T3_NA_01";"DE_NT-BT_1994"
"DE_Mueller_Gerhard_1955__6";"DE_Mueller_Gerhard_1955";"Mueller";"Gerhard";"25aug1955";"10nov1994";"25oct1998";1994-11-10;1998-10-25;"NT_LE_T3_NA_01";"DE_NT-BT_1994"
"DE_Mueller_Jutta_1957__2";"DE_Mueller_Jutta_1957";"Mueller";"Jutta";"14aug1957";"10nov1994";"25oct1998";1994-11-10;1998-10-25;"NT_LE_T3_NA_01";"DE_NT-BT_1994"
"DE_Mueller_Kerstin_1963__6";"DE_Mueller_Kerstin_1963";"Mueller";"Kerstin";"13nov1963";"10nov1994";"25oct1998";1994-11-10;1998-10-25;"NT_LE_T3_NA_01";"DE_NT-BT_1994"
"DE_Mueller_Manfred_1943__2";"DE_Mueller_Manfred_1943";"Mueller";"Manfred";"27feb1943";"10nov1994";"25oct1998";1994-11-10;1998-10-25;"NT_LE_T3_NA_01";"DE_NT-BT_1994"
"DE_Mueller_Michael_1948__5";"DE_Mueller_Michael_1948";"Mueller";"Michael";"10jul1948";"10nov1994";"25oct1998";1994-11-10;1998-10-25;"NT_LE_T3_NA_01";"DE_NT-BT_1994"
"DE_Nachtwei_Winfried_1946__5";"DE_Nachtwei_Winfried_1946";"Nachtwei";"Winfried-Maria";"15apr1946";"10nov1994";"25oct1998";1994-11-10;1998-10-25;"NT_LE_T3_NA_01";"DE_NT-BT_1994"
"DE_Nelle_Engelbert_1933__1";"DE_Nelle_Engelbert_1933";"Nelle";"Engelbert";"09jun1933";"10nov1994";"25oct1998";1994-11-10;1998-10-25;"NT_LE_T3_NA_01";"DE_NT-BT_1994"
"DE_Neuhaeuser_Rosel_1949__2";"DE_Neuhaeuser_Rosel_1949";"Neuhaeuser";"Rosel";"06apr1949";"10nov1994";"25oct1998";1994-11-10;1998-10-25;"NT_LE_T3_NA_01";"DE_NT-BT_1994"
"DE_Neumann_Bernd_1942__6";"DE_Neumann_Bernd_1942";"Neumann";"Bernd-Otto";"06jan1942";"10nov1994";"25oct1998";1994-11-10;1998-10-25;"NT_LE_T3_NA_01";"DE_NT-BT_1994"
"DE_Neumann_Gerhard_1939__2";"DE_Neumann_Gerhard_1939";"Neumann";"Gerhard-Erich";"25jun1939";"10nov1994";"25oct1998";1994-11-10;1998-10-25;"NT_LE_T3_NA_01";"DE_NT-BT_1994"
"DE_Neumann_Kurt_1945__1";"DE_Neumann_Kurt_1945";"Neumann";"Kurt";"10jun1945";"10nov1994";"25oct1998";1994-11-10;1998-10-25;"NT_LE_T3_NA_01";"DE_NT-BT_1994"
"DE_Neumann_Volker_1942__4";"DE_Neumann_Volker_1942";"Neumann";"Volker-Richard-Adolf";"10sep1942";"10nov1994";"25oct1998";1994-11-10;1998-10-25;"NT_LE_T3_NA_01";"DE_NT-BT_1994"
"DE_Nickels_Christa_1952__4";"DE_Nickels_Christa_1952";"Nickels";"Christa-Maria-Sibilla";"29jul1952";"10nov1994";"25oct1998";1994-11-10;1998-10-25;"NT_LE_T3_NA_01";"DE_NT-BT_1994"
"DE_Niehuis_Edith_1950__2";"DE_Niehuis_Edith_1950";"Niehuis";"Edith";"02aug1950";"10nov1994";"25oct1998";1994-11-10;1998-10-25;"NT_LE_T3_NA_01";"DE_NT-BT_1994"
"DE_Niese_Rolf_1943__2";"DE_Niese_Rolf_1943";"Niese";"Rolf-Otto";"21aug1943";"10nov1994";"25oct1998";1994-11-10;1998-10-25;"NT_LE_T3_NA_01";"DE_NT-BT_1994"
"DE_Nitsch_Johannes_1937__1";"DE_Nitsch_Johannes_1937";"Nitsch";"Johannes-Antonius";"24mar1937";"10nov1994";"25oct1998";1994-11-10;1998-10-25;"NT_LE_T3_NA_01";"DE_NT-BT_1994"
"DE_Nitsch_Martin_1934__1";"DE_Nitsch_Martin_1934";"Nitsch";"Martin-Egbert";"08jul1934";"04jun1996";"25oct1998";1996-06-04;1998-10-25;"NT_LE_T3_NA_01";"DE_NT-BT_1994"
"DE_Nolte_Claudia_1966__4";"DE_Nolte_Claudia_1966";"Nolte";"Claudia-Helga";"07feb1966";"10nov1994";"25oct1998";1994-11-10;1998-10-25;"NT_LE_T3_NA_01";"DE_NT-BT_1994"
"DE_Nolting_Guenther_1950__4";"DE_Nolting_Guenther_1950";"Nolting";"Guenther-Friedrich";"07apr1950";"10nov1994";"25oct1998";1994-11-10;1998-10-25;"NT_LE_T3_NA_01";"DE_NT-BT_1994"
"DE_Odendahl_Doris_1933__1";"DE_Odendahl_Doris_1933";"Odendahl";"Doris-Frieda";"30jun1933";"10nov1994";"25oct1998";1994-11-10;1998-10-25;"NT_LE_T3_NA_01";"DE_NT-BT_1994"
"DE_Oesinghaus_Guenter_1943__2";"DE_Oesinghaus_Guenter_1943";"Oesinghaus";"Guenter";"04aug1943";"10nov1994";"25oct1998";1994-11-10;1998-10-25;"NT_LE_T3_NA_01";"DE_NT-BT_1994"
"DE_Oezdemir_Cem_1965__4";"DE_Oezdemir_Cem_1965";"Oezdemir";"Cem";"21dec1965";"10nov1994";"25oct1998";1994-11-10;1998-10-25;"NT_LE_T3_NA_01";"DE_NT-BT_1994"
"DE_Olderog_Rolf_1937__26";"DE_Olderog_Rolf_1937";"Olderog";"Hermann-Walter-Rolf";"29dec1937";"10nov1994";"25oct1998";1994-11-10;1998-10-25;"NT_LE_T3_NA_01";"DE_NT-BT_1994"
"DE_Onur_Leyla_1945__2";"DE_Onur_Leyla_1945";"Onur";"Leyla";"08jan1945";"10nov1994";"25oct1998";1994-11-10;1998-10-25;"NT_LE_T3_NA_01";"DE_NT-BT_1994"
"DE_Opel_Manfred_1938__2";"DE_Opel_Manfred_1938";"Opel";"Manfred";"27jul1938";"10nov1994";"25oct1998";1994-11-10;1998-10-25;"NT_LE_T3_NA_01";"DE_NT-BT_1994"
"DE_Ortleb_Rainer_1944__1";"DE_Ortleb_Rainer_1944";"Ortleb";"Rainer";"05jun1944";"10nov1994";"25oct1998";1994-11-10;1998-10-25;"NT_LE_T3_NA_01";"DE_NT-BT_1994"
"DE_Ost_Friedhelm_1942__2";"DE_Ost_Friedhelm_1942";"Ost";"Friedhelm";"15jun1942";"10nov1994";"25oct1998";1994-11-10;1998-10-25;"NT_LE_T3_NA_01";"DE_NT-BT_1994"
"DE_Ostertag_Adolf_1939__2";"DE_Ostertag_Adolf_1939";"Ostertag";"Adolf";"22jul1939";"10nov1994";"25oct1998";1994-11-10;1998-10-25;"NT_LE_T3_NA_01";"DE_NT-BT_1994"
"DE_Oswald_Eduard_1947__6";"DE_Oswald_Eduard_1947";"Oswald";"Eduard";"06sep1947";"10nov1994";"25oct1998";1994-11-10;1998-10-25;"NT_LE_T3_NA_01";"DE_NT-BT_1994"
"DE_Otto_Norbert_1943__2";"DE_Otto_Norbert_1943";"Otto";"Norbert";"06jan1943";"10nov1994";"25oct1998";1994-11-10;1998-10-25;"NT_LE_T3_NA_01";"DE_NT-BT_1994"
"DE_Paeselt_Gerhard_1937__1";"DE_Paeselt_Gerhard_1937";"Paeselt";"Gerhard-Bruno-Walter";"16feb1937";"10nov1994";"25oct1998";1994-11-10;1998-10-25;"NT_LE_T3_NA_01";"DE_NT-BT_1994"
"DE_Palis_Kurt_1937__2";"DE_Palis_Kurt_1937";"Palis";"Kurt";"16oct1937";"10nov1994";"25oct1998";1994-11-10;1998-10-25;"NT_LE_T3_NA_01";"DE_NT-BT_1994"
"DE_Papenroth_Albrecht_1939__2";"DE_Papenroth_Albrecht_1939";"Papenroth";"Albrecht";"30dec1939";"10nov1994";"25oct1998";1994-11-10;1998-10-25;"NT_LE_T3_NA_01";"DE_NT-BT_1994"
"DE_Paziorek_Peter_1948__5";"DE_Paziorek_Peter_1948";"Paziorek";"Peter-Paul";"29may1948";"10nov1994";"25oct1998";1994-11-10;1998-10-25;"NT_LE_T3_NA_01";"DE_NT-BT_1994"
"DE_Penner_Willfried_1936__2";"DE_Penner_Willfried_1936";"Penner";"Willfried";"25may1936";"10nov1994";"25oct1998";1994-11-10;1998-10-25;"NT_LE_T3_NA_01";"DE_NT-BT_1994"
"DE_Pesch_Hans_1937__1";"DE_Pesch_Hans_1937";"Pesch";"Hans-Wilhelm";"19jun1937";"10nov1994";"25oct1998";1994-11-10;1998-10-25;"NT_LE_T3_NA_01";"DE_NT-BT_1994"
"DE_Peters_Lisa_1933__1";"DE_Peters_Lisa_1933";"Peters";"Lisa";"17dec1933";"10nov1994";"25oct1998";1994-11-10;1998-10-25;"NT_LE_T3_NA_01";"DE_NT-BT_1994"
"DE_Petzold_Ulrich_1951__6";"DE_Petzold_Ulrich_1951";"Petzold";"Ulrich";"23sep1951";"10nov1994";"25oct1998";1994-11-10;1998-10-25;"NT_LE_T3_NA_01";"DE_NT-BT_1994"
"DE_Pfaff_Martin_1939__2";"DE_Pfaff_Martin_1939";"Pfaff";"Martin";"31mar1939";"10nov1994";"25oct1998";1994-11-10;1998-10-25;"NT_LE_T3_NA_01";"DE_NT-BT_1994"
"DE_Pfannenstein_Georg_1943__2";"DE_Pfannenstein_Georg_1943";"Pfannenstein";"Georg";"04mar1943";"10nov1994";"25oct1998";1994-11-10;1998-10-25;"NT_LE_T3_NA_01";"DE_NT-BT_1994"
"DE_Pfeifer_Anton_1937__2";"DE_Pfeifer_Anton_1937";"Pfeifer";"Anton";"21mar1937";"10nov1994";"25oct1998";1994-11-10;1998-10-25;"NT_LE_T3_NA_01";"DE_NT-BT_1994"
"DE_Pfeiffer_Angelika_1952__1";"DE_Pfeiffer_Angelika_1952";"Pfeiffer";"Angelika-Sabine";"27jul1952";"10nov1994";"25oct1998";1994-11-10;1998-10-25;"NT_LE_T3_NA_01";"DE_NT-BT_1994"
"DE_Pfennig_Gero_1945__1";"DE_Pfennig_Gero_1945";"Pfennig";"Gero";"11feb1945";"10nov1994";"25oct1998";1994-11-10;1998-10-25;"NT_LE_T3_NA_01";"DE_NT-BT_1994"
"DE_Pflueger_Friedbert_1955__5";"DE_Pflueger_Friedbert_1955";"Pflueger";"Friedbert";"06mar1955";"10nov1994";"25oct1998";1994-11-10;1998-10-25;"NT_LE_T3_NA_01";"DE_NT-BT_1994"
"DE_Philipp_Beatrix_1945__6";"DE_Philipp_Beatrix_1945";"Philipp";"Anna-Maria-Hedwig-Beatrix";"07jul1945";"10nov1994";"25oct1998";1994-11-10;1998-10-25;"NT_LE_T3_NA_01";"DE_NT-BT_1994"
"DE_Pick_Eckhart_1941__2";"DE_Pick_Eckhart_1941";"Pick";"Eckhart";"08feb1941";"10nov1994";"25oct1998";1994-11-10;1998-10-25;"NT_LE_T3_NA_01";"DE_NT-BT_1994"
"DE_Pinger_Winfried_1932__1";"DE_Pinger_Winfried_1932";"Pinger";"Winfried";"15may1932";"10nov1994";"25oct1998";1994-11-10;1998-10-25;"NT_LE_T3_NA_01";"DE_NT-BT_1994"
"DE_Pofalla_Ronald_1959__7";"DE_Pofalla_Ronald_1959";"Pofalla";"Ronald";"15may1959";"10nov1994";"25oct1998";1994-11-10;1998-10-25;"NT_LE_T3_NA_01";"DE_NT-BT_1994"
"DE_Pohler_Hermann_1935__1";"DE_Pohler_Hermann_1935";"Pohler";"Hermann";"22jan1935";"10nov1994";"25oct1998";1994-11-10;1998-10-25;"NT_LE_T3_NA_01";"DE_NT-BT_1994"
"DE_Polenz_Ruprecht_1946__6";"DE_Polenz_Ruprecht_1946";"Polenz";"Ruprecht";"26may1946";"10nov1994";"25oct1998";1994-11-10;1998-10-25;"NT_LE_T3_NA_01";"DE_NT-BT_1994"
"DE_Poppe_Gerd_1941__1";"DE_Poppe_Gerd_1941";"Poppe";"Gerd";"25mar1941";"10nov1994";"25oct1998";1994-11-10;1998-10-25;"NT_LE_T3_NA_01";"DE_NT-BT_1994"
"DE_Poss_Joachim_1948__7";"DE_Poss_Joachim_1948";"Poss";"Joachim";"27dec1948";"10nov1994";"25oct1998";1994-11-10;1998-10-25;"NT_LE_T3_NA_01";"DE_NT-BT_1994"
"DE_Pretzlaff_Marlies_1943__2";"DE_Pretzlaff_Marlies_1943";"Pretzlaff";"Marlies";"04aug1943";"10nov1994";"25oct1998";1994-11-10;1998-10-25;"NT_LE_T3_NA_01";"DE_NT-BT_1994"
"DE_Probst_Albert_1931__1";"DE_Probst_Albert_1931";"Probst";"Albert-Max";"29dec1931";"10nov1994";"25oct1998";1994-11-10;1998-10-25;"NT_LE_T3_NA_01";"DE_NT-BT_1994"
"DE_Probst_Simone_1967__4";"DE_Probst_Simone_1967";"Probst";"Simone-Jessica";"03dec1967";"10nov1994";"25oct1998";1994-11-10;1998-10-25;"NT_LE_T3_NA_01";"DE_NT-BT_1994"
"DE_Protzner_Bernd_1952__17";"DE_Protzner_Bernd_1952";"Protzner";"Bernd-Rudolf";"23aug1952";"10nov1994";"25oct1998";1994-11-10;1998-10-25;"NT_LE_T3_NA_01";"DE_NT-BT_1994"
"DE_Puetzhofen_Dieter_1942__2";"DE_Puetzhofen_Dieter_1942";"Puetzhofen";"Dieter";"14may1942";"10nov1994";"25oct1998";1994-11-10;1998-10-25;"NT_LE_T3_NA_01";"DE_NT-BT_1994"
"DE_Purps_Rudolf_1942__1";"DE_Purps_Rudolf_1942";"Purps";"Rudolf-Wilhelm-Hermann";"26dec1942";"10nov1994";"25oct1998";1994-11-10;1998-10-25;"NT_LE_T3_NA_01";"DE_NT-BT_1994"
"DE_Rachel_Thomas_1962__8";"DE_Rachel_Thomas_1962";"Rachel";"Thomas-Walther";"17may1962";"10nov1994";"25oct1998";1994-11-10;1998-10-25;"NT_LE_T3_NA_01";"DE_NT-BT_1994"
"DE_Raidel_Hans_1941__5";"DE_Raidel_Hans_1941";"Raidel";"Hans";"11jul1941";"10nov1994";"25oct1998";1994-11-10;1998-10-25;"NT_LE_T3_NA_01";"DE_NT-BT_1994"
"DE_Ramsauer_Peter_1954__8";"DE_Ramsauer_Peter_1954";"Ramsauer";"Peter";"10feb1954";"10nov1994";"25oct1998";1994-11-10;1998-10-25;"NT_LE_T3_NA_01";"DE_NT-BT_1994"
"DE_Rappe_Hermann_1929__1";"DE_Rappe_Hermann_1929";"Rappe";"Hermann";"20sep1929";"10nov1994";"25oct1998";1994-11-10;1998-10-25;"NT_LE_T3_NA_01";"DE_NT-BT_1994"
"DE_Rau_Johannes_1944__13";"DE_Rau_Johannes_1944";"Rau";"Johannes-Rolf";"20sep1944";"10nov1994";"25oct1998";1994-11-10;1998-10-25;"NT_LE_T3_NA_01";"DE_NT-BT_1994"
"DE_Rauber_Helmut_1945__4";"DE_Rauber_Helmut_1945";"Rauber";"Helmut";"24feb1945";"10nov1994";"25oct1998";1994-11-10;1998-10-25;"NT_LE_T3_NA_01";"DE_NT-BT_1994"
"DE_Rauen_Peter_1945__5";"DE_Rauen_Peter_1945";"Rauen";"Peter-Harald";"26jan1945";"10nov1994";"25oct1998";1994-11-10;1998-10-25;"NT_LE_T3_NA_01";"DE_NT-BT_1994"
"DE_Regenspurger_Otto_1939__1";"DE_Regenspurger_Otto_1939";"Regenspurger";"Otto";"24dec1939";"10nov1994";"25oct1998";1994-11-10;1998-10-25;"NT_LE_T3_NA_01";"DE_NT-BT_1994"
"DE_Rehbock_Karin_1946__4";"DE_Rehbock_Karin_1946";"Rehbock-Zureich";"Karin";"29nov1946";"10nov1994";"25oct1998";1994-11-10;1998-10-25;"NT_LE_T3_NA_01";"DE_NT-BT_1994"
"DE_Reichard_Christa_1955__4";"DE_Reichard_Christa_1955";"Reichard";"Christa-Barbara-Johanna";"20may1955";"10nov1994";"25oct1998";1994-11-10;1998-10-25;"NT_LE_T3_NA_01";"DE_NT-BT_1994"
"DE_Reichardt_Klaus_1954__1";"DE_Reichardt_Klaus_1954";"Reichardt";"Klaus-Dieter";"14jul1954";"10nov1994";"25oct1998";1994-11-10;1998-10-25;"NT_LE_T3_NA_01";"DE_NT-BT_1994"
"DE_Reinartz_Bertold_1946__1";"DE_Reinartz_Bertold_1946";"Reinartz";"Berthold-Mathias";"07feb1946";"10nov1994";"25oct1998";1994-11-10;1998-10-25;"NT_LE_T3_NA_01";"DE_NT-BT_1994"
"DE_Reinhardt_Erika_1932__2";"DE_Reinhardt_Erika_1932";"Reinhardt";"Erika";"30jan1932";"10nov1994";"25oct1998";1994-11-10;1998-10-25;"NT_LE_T3_NA_01";"DE_NT-BT_1994"
"DE_Renesse_Margot_1940__2";"DE_Renesse_Margot_1940";"Renesse";"Margot-Emma-Brigitte";"05feb1940";"10nov1994";"25oct1998";1994-11-10;1998-10-25;"NT_LE_T3_NA_01";"DE_NT-BT_1994"
"DE_Rennebach_Renate_1947__2";"DE_Rennebach_Renate_1947";"Rennebach";"Renate";"29nov1947";"10nov1994";"25oct1998";1994-11-10;1998-10-25;"NT_LE_T3_NA_01";"DE_NT-BT_1994"
"DE_Repnik_Hans_1947__4";"DE_Repnik_Hans_1947";"Repnik";"Hans-Peter";"27may1947";"10nov1994";"25oct1998";1994-11-10;1998-10-25;"NT_LE_T3_NA_01";"DE_NT-BT_1994"
"DE_Reschke_Otto_1941__1";"DE_Reschke_Otto_1941";"Reschke";"Otto";"09sep1941";"10nov1994";"25oct1998";1994-11-10;1998-10-25;"NT_LE_T3_NA_01";"DE_NT-BT_1994"
"DE_Reuter_Bernd_1940__2";"DE_Reuter_Bernd_1940";"Reuter";"Bernd";"09nov1940";"10nov1994";"25oct1998";1994-11-10;1998-10-25;"NT_LE_T3_NA_01";"DE_NT-BT_1994"
"DE_Rexrodt_Guenter_1941__4";"DE_Rexrodt_Guenter_1941";"Rexrodt";"Guenter";"12sep1941";"10nov1994";"25oct1998";1994-11-10;1998-10-25;"NT_LE_T3_NA_01";"DE_NT-BT_1994"
"DE_Richter_Edelbert_1943__2";"DE_Richter_Edelbert_1943";"Richter";"Edelbert";"25feb1943";"10nov1994";"25oct1998";1994-11-10;1998-10-25;"NT_LE_T3_NA_01";"DE_NT-BT_1994"
"DE_Richter_Roland_1957__1";"DE_Richter_Roland_1957";"Richter";"Roland";"16nov1957";"10nov1994";"25oct1998";1994-11-10;1998-10-25;"NT_LE_T3_NA_01";"DE_NT-BT_1994"
"DE_Richwien_Roland_1955__1";"DE_Richwien_Roland_1955";"Richwien";"Roland";"08feb1955";"10nov1994";"04nov1997";1994-11-10;1997-11-04;"NT_LE_T3_NA_01";"DE_NT-BT_1994"
"DE_Rieder_Norbert_1942__1";"DE_Rieder_Norbert_1942";"Rieder";"Norbert";"08may1942";"10nov1994";"25oct1998";1994-11-10;1998-10-25;"NT_LE_T3_NA_01";"DE_NT-BT_1994"
"DE_Riedl_Erich_1933__1";"DE_Riedl_Erich_1933";"Riedl";"Erich-Karl";"23jun1933";"10nov1994";"25oct1998";1994-11-10;1998-10-25;"NT_LE_T3_NA_01";"DE_NT-BT_1994"
"DE_Riegert_Klaus_1959__6";"DE_Riegert_Klaus_1959";"Riegert";"Klaus";"26feb1959";"10nov1994";"25oct1998";1994-11-10;1998-10-25;"NT_LE_T3_NA_01";"DE_NT-BT_1994"
"DE_Riesenhuber_Heinz_1935__7";"DE_Riesenhuber_Heinz_1935";"Riesenhuber";"Heinz-Friedrich-Ruppert";"01dec1935";"10nov1994";"25oct1998";1994-11-10;1998-10-25;"NT_LE_T3_NA_01";"DE_NT-BT_1994"
"DE_Rixe_Guenter_1939__1";"DE_Rixe_Guenter_1939";"Rixe";"Guenter";"15jun1939";"10nov1994";"25oct1998";1994-11-10;1998-10-25;"NT_LE_T3_NA_01";"DE_NT-BT_1994"
"DE_Robbe_Reinhold_1954__4";"DE_Robbe_Reinhold_1954";"Robbe";"Reinhold-Friedrich";"09oct1954";"10nov1994";"25oct1998";1994-11-10;1998-10-25;"NT_LE_T3_NA_01";"DE_NT-BT_1994"
"DE_Rochlitz_Juergen_1937__1";"DE_Rochlitz_Juergen_1937";"Rochlitz";"Juergen";"24jul1937";"10nov1994";"25oct1998";1994-11-10;1998-10-25;"NT_LE_T3_NA_01";"DE_NT-BT_1994"
"DE_Roehl_Klaus_1933__1";"DE_Roehl_Klaus_1933";"Roehl";"Klaus";"12nov1933";"10nov1994";"25oct1998";1994-11-10;1998-10-25;"NT_LE_T3_NA_01";"DE_NT-BT_1994"
"DE_Roensch_Hannelore_1942__2";"DE_Roensch_Hannelore_1942";"Roensch";"Hannelore";"12dec1942";"10nov1994";"25oct1998";1994-11-10;1998-10-25;"NT_LE_T3_NA_01";"DE_NT-BT_1994"
"DE_Roessel_Uwe_1950__2";"DE_Roessel_Uwe_1950";"Roessel";"Uwe-Jens-Rudi";"02jul1950";"10nov1994";"25oct1998";1994-11-10;1998-10-25;"NT_LE_T3_NA_01";"DE_NT-BT_1994"
"DE_Roettgen_Norbert_1965__8";"DE_Roettgen_Norbert_1965";"Roettgen";"Norbert";"02jul1965";"10nov1994";"25oct1998";1994-11-10;1998-10-25;"NT_LE_T3_NA_01";"DE_NT-BT_1994"
"DE_Romer_Franz_1942__5";"DE_Romer_Franz_1942";"Romer";"Franz-Xaver";"26feb1942";"01feb1996";"25oct1998";1996-02-01;1998-10-25;"NT_LE_T3_NA_01";"DE_NT-BT_1994"
"DE_Ronsoehr_Heinrich_1945__4";"DE_Ronsoehr_Heinrich_1945";"Ronsoehr";"Heinrich-Wilhelm";"08jan1945";"10nov1994";"25oct1998";1994-11-10;1998-10-25;"NT_LE_T3_NA_01";"DE_NT-BT_1994"
"DE_Rose_Klaus_1941__4";"DE_Rose_Klaus_1941";"Rose";"Klaus-Theophil";"07dec1941";"10nov1994";"25oct1998";1994-11-10;1998-10-25;"NT_LE_T3_NA_01";"DE_NT-BT_1994"
"DE_Rossmanith_Kurt_1944__5";"DE_Rossmanith_Kurt_1944";"Rossmanith";"Kurt-Josef-Johann";"22nov1944";"10nov1994";"25oct1998";1994-11-10;1998-10-25;"NT_LE_T3_NA_01";"DE_NT-BT_1994"
"DE_Roth_Adolf_1937__2";"DE_Roth_Adolf_1937";"Roth";"Adolf";"15sep1937";"10nov1994";"25oct1998";1994-11-10;1998-10-25;"NT_LE_T3_NA_01";"DE_NT-BT_1994"
"DE_Ruck_Christian_1954__6";"DE_Ruck_Christian_1954";"Ruck";"Christian";"24dec1954";"10nov1994";"25oct1998";1994-11-10;1998-10-25;"NT_LE_T3_NA_01";"DE_NT-BT_1994"
"DE_Ruebenkoenig_Gerhard_1942__4";"DE_Ruebenkoenig_Gerhard_1942";"Ruebenkoenig";"Gerhard-Otto";"24sep1942";"10nov1994";"25oct1998";1994-11-10;1998-10-25;"NT_LE_T3_NA_01";"DE_NT-BT_1994"
"DE_Ruehe_Volker_1942__4";"DE_Ruehe_Volker_1942";"Ruehe";"Volker";"25sep1942";"10nov1994";"25oct1998";1994-11-10;1998-10-25;"NT_LE_T3_NA_01";"DE_NT-BT_1994"
"DE_Ruettgers_Juergen_1951__2";"DE_Ruettgers_Juergen_1951";"Ruettgers";"Juergen-Anton";"26jun1951";"10nov1994";"25oct1998";1994-11-10;1998-10-25;"NT_LE_T3_NA_01";"DE_NT-BT_1994"
"DE_Saibold_Hannelore_1943__1";"DE_Saibold_Hannelore_1943";"Saibold";"Hannelore-Maria-Theresia";"01oct1943";"10nov1994";"25oct1998";1994-11-10;1998-10-25;"NT_LE_T3_NA_01";"DE_NT-BT_1994"
"DE_Sauer_Roland_1939__1";"DE_Sauer_Roland_1939";"Sauer";"Roland";"27jul1939";"10nov1994";"25oct1998";1994-11-10;1998-10-25;"NT_LE_T3_NA_01";"DE_NT-BT_1994"
"DE_Schaefer_Hansjoerg_1944__2";"DE_Schaefer_Hansjoerg_1944";"Schaefer";"Hansjoerg";"17feb1944";"10nov1994";"25oct1998";1994-11-10;1998-10-25;"NT_LE_T3_NA_01";"DE_NT-BT_1994"
"DE_Schaefer_Helmut_1933__1";"DE_Schaefer_Helmut_1933";"Schaefer";"Helmut";"09jan1933";"10nov1994";"25oct1998";1994-11-10;1998-10-25;"NT_LE_T3_NA_01";"DE_NT-BT_1994"
"DE_Schaetzle_Ortrun_1934__1";"DE_Schaetzle_Ortrun_1934";"Schaetzle";"Ortrun";"20apr1934";"10nov1994";"25oct1998";1994-11-10;1998-10-25;"NT_LE_T3_NA_01";"DE_NT-BT_1994"
"DE_Schaeuble_Wolfgang_1942__8";"DE_Schaeuble_Wolfgang_1942";"Schaeuble";"Wolfgang";"18sep1942";"10nov1994";"25oct1998";1994-11-10;1998-10-25;"NT_LE_T3_NA_01";"DE_NT-BT_1994"
"DE_Schaich_Gudrun_1946__4";"DE_Schaich_Gudrun_1946";"Schaich-Walch";"Gudrun";"20aug1946";"10nov1994";"25oct1998";1994-11-10;1998-10-25;"NT_LE_T3_NA_01";"DE_NT-BT_1994"
"DE_Schanz_Dieter_1937__1";"DE_Schanz_Dieter_1937";"Schanz";"Dieter-Friedemann";"09dec1937";"10nov1994";"25oct1998";1994-11-10;1998-10-25;"NT_LE_T3_NA_01";"DE_NT-BT_1994"
"DE_Scharping_Rudolf_1947__4";"DE_Scharping_Rudolf_1947";"Scharping";"Rudolf-Albert";"02dec1947";"10nov1994";"25oct1998";1994-11-10;1998-10-25;"NT_LE_T3_NA_01";"DE_NT-BT_1994"
"DE_Schauerte_Hartmut_1944__5";"DE_Schauerte_Hartmut_1944";"Schauerte";"Hartmut";"13sep1944";"10nov1994";"25oct1998";1994-11-10;1998-10-25;"NT_LE_T3_NA_01";"DE_NT-BT_1994"
"DE_Scheel_Christine_1956__6";"DE_Scheel_Christine_1956";"Scheel";"Christine-Doris";"31dec1956";"10nov1994";"25oct1998";1994-11-10;1998-10-25;"NT_LE_T3_NA_01";"DE_NT-BT_1994"
"DE_Scheelen_Bernd_1948__6";"DE_Scheelen_Bernd_1948";"Scheelen";"Bernd";"07jan1948";"10nov1994";"25oct1998";1994-11-10;1998-10-25;"NT_LE_T3_NA_01";"DE_NT-BT_1994"
"DE_Scheer_Hermann_1944__6";"DE_Scheer_Hermann_1944";"Scheer";"Hermann";"29apr1944";"10nov1994";"25oct1998";1994-11-10;1998-10-25;"NT_LE_T3_NA_01";"DE_NT-BT_1994"
"DE_Scheffler_Siegfried_1944__4";"DE_Scheffler_Siegfried_1944";"Scheffler";"Siegfried-Willy";"05nov1944";"10nov1994";"25oct1998";1994-11-10;1998-10-25;"NT_LE_T3_NA_01";"DE_NT-BT_1994"
"DE_Schemken_Heinz_1935__2";"DE_Schemken_Heinz_1935";"Schemken";"Heinz";"11mar1935";"10nov1994";"25oct1998";1994-11-10;1998-10-25;"NT_LE_T3_NA_01";"DE_NT-BT_1994"
"DE_Schenk_Christina_1952__2";"DE_Schenk_Christina_1952";"Schenk";"Christina-Karin";"08jul1952";"10nov1994";"25oct1998";1994-11-10;1998-10-25;"NT_LE_T3_NA_01";"DE_NT-BT_1994"
"DE_Scherhag_Karl_1936__2";"DE_Scherhag_Karl_1936";"Scherhag";"Karl-Heinz";"05may1936";"10nov1994";"25oct1998";1994-11-10;1998-10-25;"NT_LE_T3_NA_01";"DE_NT-BT_1994"
"DE_Scheu_Gerhard_1943__2";"DE_Scheu_Gerhard_1943";"Scheu";"Gerhard-Andreas-Franz";"27mar1943";"10nov1994";"25oct1998";1994-11-10;1998-10-25;"NT_LE_T3_NA_01";"DE_NT-BT_1994"
"DE_Schewe_Irmingard_1948__5";"DE_Schewe_Irmingard_1948";"Schewe-Gerigk";"Irmingard";"15may1948";"10nov1994";"25oct1998";1994-11-10;1998-10-25;"NT_LE_T3_NA_01";"DE_NT-BT_1994"
"DE_Schild_Horst_1942__4";"DE_Schild_Horst_1942";"Schild";"Horst";"04apr1942";"10nov1994";"25oct1998";1994-11-10;1998-10-25;"NT_LE_T3_NA_01";"DE_NT-BT_1994"
"DE_Schily_Otto_1932__5";"DE_Schily_Otto_1932";"Schily";"Otto-Georg";"20jul1932";"10nov1994";"25oct1998";1994-11-10;1998-10-25;"NT_LE_T3_NA_01";"DE_NT-BT_1994"
"DE_Schindler_Norbert_1949__7";"DE_Schindler_Norbert_1949";"Schindler";"Norbert-Ludwig";"15oct1949";"10nov1994";"25oct1998";1994-11-10;1998-10-25;"NT_LE_T3_NA_01";"DE_NT-BT_1994"
"DE_Schlauch_Rezzo_1947__4";"DE_Schlauch_Rezzo_1947";"Schlauch";"Rezzo-Ernst";"04oct1947";"10nov1994";"25oct1998";1994-11-10;1998-10-25;"NT_LE_T3_NA_01";"DE_NT-BT_1994"
"DE_Schlee_Dietmar_1938__2";"DE_Schlee_Dietmar_1938";"Schlee";"Dietmar";"31mar1938";"10nov1994";"25oct1998";1994-11-10;1998-10-25;"NT_LE_T3_NA_01";"DE_NT-BT_1994"
"DE_Schloten_Dieter_1939__2";"DE_Schloten_Dieter_1939";"Schloten";"Dieter";"26aug1939";"10nov1994";"25oct1998";1994-11-10;1998-10-25;"NT_LE_T3_NA_01";"DE_NT-BT_1994"
"DE_Schluckebier_Guenter_1933__1";"DE_Schluckebier_Guenter_1933";"Schluckebier";"Guenter";"15feb1933";"10nov1994";"25oct1998";1994-11-10;1998-10-25;"NT_LE_T3_NA_01";"DE_NT-BT_1994"
"DE_Schmalz_Cornelia_1934__1";"DE_Schmalz_Cornelia_1934";"Schmalz-Jacobsen";"Cornelia";"11nov1934";"10nov1994";"25oct1998";1994-11-10;1998-10-25;"NT_LE_T3_NA_01";"DE_NT-BT_1994"
"DE_Schmalz_Ulrich_1939__1";"DE_Schmalz_Ulrich_1939";"Schmalz";"Ulrich-Paul";"26aug1939";"10nov1994";"25oct1998";1994-11-10;1998-10-25;"NT_LE_T3_NA_01";"DE_NT-BT_1994"
"DE_Schmidbauer_Bernd_1939__5";"DE_Schmidbauer_Bernd_1939";"Schmidbauer";"Bernd";"29may1939";"10nov1994";"25oct1998";1994-11-10;1998-10-25;"NT_LE_T3_NA_01";"DE_NT-BT_1994"
"DE_Schmidbauer_Horst_1940__4";"DE_Schmidbauer_Horst_1940";"Schmidbauer";"Horst";"03mar1940";"10nov1994";"25oct1998";1994-11-10;1998-10-25;"NT_LE_T3_NA_01";"DE_NT-BT_1994"
"DE_Schmidt_Albert_1951__4";"DE_Schmidt_Albert_1951";"Schmidt";"Albert";"13feb1951";"10nov1994";"25oct1998";1994-11-10;1998-10-25;"NT_LE_T3_NA_01";"DE_NT-BT_1994"
"DE_Schmidt_Andreas_1956__1";"DE_Schmidt_Andreas_1956";"Schmidt";"Andreas-Werner-Walter";"04nov1956";"10nov1994";"25oct1998";1994-11-10;1998-10-25;"NT_LE_T3_NA_01";"DE_NT-BT_1994"
"DE_Schmidt_Christian_1957__8";"DE_Schmidt_Christian_1957";"Schmidt";"Christian";"26aug1957";"10nov1994";"25oct1998";1994-11-10;1998-10-25;"NT_LE_T3_NA_01";"DE_NT-BT_1994"
"DE_Schmidt_Dagmar_1948__5";"DE_Schmidt_Dagmar_1948";"Schmidt";"Dagmar";"08apr1948";"10nov1994";"25oct1998";1994-11-10;1998-10-25;"NT_LE_T3_NA_01";"DE_NT-BT_1994"
"DE_Schmidt_Edzard_1941__2";"DE_Schmidt_Edzard_1941";"Schmidt-Jortzig";"Edzard-Haro-Joachim-Gundo";"08oct1941";"10nov1994";"25oct1998";1994-11-10;1998-10-25;"NT_LE_T3_NA_01";"DE_NT-BT_1994"
"DE_Schmidt_Joachim_1936__2";"DE_Schmidt_Joachim_1936";"Schmidt";"Joachim-Karl";"26oct1936";"10nov1994";"25oct1998";1994-11-10;1998-10-25;"NT_LE_T3_NA_01";"DE_NT-BT_1994"
"DE_Schmidt_Regina_1937__2";"DE_Schmidt_Regina_1937";"Schmidt-Zadel";"Regina-Hildegard";"20jan1937";"10nov1994";"25oct1998";1994-11-10;1998-10-25;"NT_LE_T3_NA_01";"DE_NT-BT_1994"
"DE_Schmidt_Ursula_1949__8";"DE_Schmidt_Ursula_1949";"Schmidt";"Ursula";"13jun1949";"10nov1994";"25oct1998";1994-11-10;1998-10-25;"NT_LE_T3_NA_01";"DE_NT-BT_1994"
"DE_Schmidt_Wilhelm_1944__4";"DE_Schmidt_Wilhelm_1944";"Schmidt";"Wilhelm";"13may1944";"10nov1994";"25oct1998";1994-11-10;1998-10-25;"NT_LE_T3_NA_01";"DE_NT-BT_1994"
"DE_Schmiedeberg_Hans_1959__1";"DE_Schmiedeberg_Hans_1959";"Schmiedeberg";"Hans-Otto";"10jul1959";"10nov1994";"25oct1998";1994-11-10;1998-10-25;"NT_LE_T3_NA_01";"DE_NT-BT_1994"
"DE_Schmitt_Karl_1951__5";"DE_Schmitt_Karl_1951";"Schmitt";"Karl-Heinz";"15oct1951";"10nov1994";"25oct1998";1994-11-10;1998-10-25;"NT_LE_T3_NA_01";"DE_NT-BT_1994"
"DE_Schmitt_Wolfgang_1959__1";"DE_Schmitt_Wolfgang_1959";"Schmitt";"Wolfgang";"20apr1959";"10nov1994";"25oct1998";1994-11-10;1998-10-25;"NT_LE_T3_NA_01";"DE_NT-BT_1994"
"DE_Schmitz_Hans_1937__2";"DE_Schmitz_Hans_1937";"Schmitz";"Hans-Peter";"21may1937";"10nov1994";"25oct1998";1994-11-10;1998-10-25;"NT_LE_T3_NA_01";"DE_NT-BT_1994"
"DE_Schmude_Michael_1939__2";"DE_Schmude_Michael_1939";"Schmude";"Michael-Frank";"19nov1939";"10nov1994";"25oct1998";1994-11-10;1998-10-25;"NT_LE_T3_NA_01";"DE_NT-BT_1994"
"DE_Schnell_Emil_1953__2";"DE_Schnell_Emil_1953";"Schnell";"Emil";"10nov1953";"10nov1994";"25oct1998";1994-11-10;1998-10-25;"NT_LE_T3_NA_01";"DE_NT-BT_1994"
"DE_Schnieber_Birgit_1946__2";"DE_Schnieber_Birgit_1946";"Schnieber-Jastram";"Birgit";"04jul1946";"10nov1994";"25oct1998";1994-11-10;1998-10-25;"NT_LE_T3_NA_01";"DE_NT-BT_1994"
"DE_Schockenhoff_Andreas_1957__7";"DE_Schockenhoff_Andreas_1957";"Schockenhoff";"Andreas";"23feb1957";"10nov1994";"25oct1998";1994-11-10;1998-10-25;"NT_LE_T3_NA_01";"DE_NT-BT_1994"
"DE_Schoeler_Walter_1947__4";"DE_Schoeler_Walter_1947";"Schoeler";"Walter";"10mar1947";"10nov1994";"25oct1998";1994-11-10;1998-10-25;"NT_LE_T3_NA_01";"DE_NT-BT_1994"
"DE_Schoenberger_Ursula_1962__1";"DE_Schoenberger_Ursula_1962";"Schoenberger";"Ursula";"14apr1962";"10nov1994";"25oct1998";1994-11-10;1998-10-25;"NT_LE_T3_NA_01";"DE_NT-BT_1994"
"DE_Scholz_Rupert_1937__2";"DE_Scholz_Rupert_1937";"Scholz";"Rupert";"23may1937";"10nov1994";"25oct1998";1994-11-10;1998-10-25;"NT_LE_T3_NA_01";"DE_NT-BT_1994"
"DE_Schoppe_Waltraud_1942__1";"DE_Schoppe_Waltraud_1942";"Schoppe";"Waltraud";"27jun1942";"10nov1994";"25oct1998";1994-11-10;1998-10-25;"NT_LE_T3_NA_01";"DE_NT-BT_1994"
"DE_Schorlemer_Reinhard_1938__2";"DE_Schorlemer_Reinhard_1938";"Schorlemer";"Reinhard";"27apr1938";"10nov1994";"25oct1998";1994-11-10;1998-10-25;"NT_LE_T3_NA_01";"DE_NT-BT_1994"
"DE_Schreiner_Ottmar_1946__10";"DE_Schreiner_Ottmar_1946";"Schreiner";"Ottmar";"21feb1946";"10nov1994";"25oct1998";1994-11-10;1998-10-25;"NT_LE_T3_NA_01";"DE_NT-BT_1994"
"DE_Schroeter_Gisela_1948__4";"DE_Schroeter_Gisela_1948";"Schroeter";"Gisela-Dorothea";"16aug1948";"10nov1994";"25oct1998";1994-11-10;1998-10-25;"NT_LE_T3_NA_01";"DE_NT-BT_1994"
"DE_Schubert_Mathias_1952__2";"DE_Schubert_Mathias_1952";"Schubert";"Mathias-Klaus";"26jul1952";"10nov1994";"25oct1998";1994-11-10;1998-10-25;"NT_LE_T3_NA_01";"DE_NT-BT_1994"
"DE_Schuchardt_Erika_1940__2";"DE_Schuchardt_Erika_1940";"Schuchardt";"Erika";"29jan1940";"10nov1994";"25oct1998";1994-11-10;1998-10-25;"NT_LE_T3_NA_01";"DE_NT-BT_1994"
"DE_Schuetz_Dietmar_1943__2";"DE_Schuetz_Dietmar_1943";"Schuetz";"Dietmar";"21oct1943";"10nov1994";"25oct1998";1994-11-10;1998-10-25;"NT_LE_T3_NA_01";"DE_NT-BT_1994"
"DE_Schuetze_Diethard_1954__2";"DE_Schuetze_Diethard_1954";"Schuetze";"Diethard-W";"18nov1954";"10nov1994";"25oct1998";1994-11-10;1998-10-25;"NT_LE_T3_NA_01";"DE_NT-BT_1994"
"DE_Schuhmann_Richard_1938__2";"DE_Schuhmann_Richard_1938";"Schuhmann";"Richard";"05aug1938";"10nov1994";"25oct1998";1994-11-10;1998-10-25;"NT_LE_T3_NA_01";"DE_NT-BT_1994"
"DE_Schulhoff_Wolfgang_1939__2";"DE_Schulhoff_Wolfgang_1939";"Schulhoff";"Wolfgang-Georg";"14dec1939";"10nov1994";"25oct1998";1994-11-10;1998-10-25;"NT_LE_T3_NA_01";"DE_NT-BT_1994"
"DE_Schulte_Dieter_1941__1";"DE_Schulte_Dieter_1941";"Schulte";"Dieter";"09jun1941";"10nov1994";"25oct1998";1994-11-10;1998-10-25;"NT_LE_T3_NA_01";"DE_NT-BT_1994"
"DE_Schultz_Reinhard_1949__5";"DE_Schultz_Reinhard_1949";"Schultz";"Reinhard-Walter";"21sep1949";"10nov1994";"25oct1998";1994-11-10;1998-10-25;"NT_LE_T3_NA_01";"DE_NT-BT_1994"
"DE_Schultz_Volkmar_1938__2";"DE_Schultz_Volkmar_1938";"Schultz";"Volkmar";"10aug1938";"10nov1994";"25oct1998";1994-11-10;1998-10-25;"NT_LE_T3_NA_01";"DE_NT-BT_1994"
"DE_Schulz_Gerhard_1948__2";"DE_Schulz_Gerhard_1948";"Schulz";"Gerhard";"09may1948";"10nov1994";"25oct1998";1994-11-10;1998-10-25;"NT_LE_T3_NA_01";"DE_NT-BT_1994"
"DE_Schulz_Werner_1950__4";"DE_Schulz_Werner_1950";"Schulz";"Gustav-Werner";"22jan1950";"10nov1994";"25oct1998";1994-11-10;1998-10-25;"NT_LE_T3_NA_01";"DE_NT-BT_1994"
"DE_Schulze_Frederick_1949__1";"DE_Schulze_Frederick_1949";"Schulze";"Frederick";"20jan1949";"10nov1994";"25oct1998";1994-11-10;1998-10-25;"NT_LE_T3_NA_01";"DE_NT-BT_1994"
"DE_Schumann_Ilse_1939__2";"DE_Schumann_Ilse_1939";"Schumann";"Ilse";"22feb1939";"10nov1994";"25oct1998";1994-11-10;1998-10-25;"NT_LE_T3_NA_01";"DE_NT-BT_1994"
"DE_Schuster_Rainer_1939__17";"DE_Schuster_Rainer_1939";"Schuster";"Rainer-Werner";"20jan1939";"10nov1994";"25oct1998";1994-11-10;1998-10-25;"NT_LE_T3_NA_01";"DE_NT-BT_1994"
"DE_Schwalbe_Clemens_1947__2";"DE_Schwalbe_Clemens_1947";"Schwalbe";"Clemens-Joseph";"31dec1947";"10nov1994";"25oct1998";1994-11-10;1998-10-25;"NT_LE_T3_NA_01";"DE_NT-BT_1994"
"DE_Schwall_Angelica_1948__6";"DE_Schwall_Angelica_1948";"Schwall-Dueren";"Angelica-Klara";"16jul1948";"10nov1994";"25oct1998";1994-11-10;1998-10-25;"NT_LE_T3_NA_01";"DE_NT-BT_1994"
"DE_Schwanhold_Ernst_1948__2";"DE_Schwanhold_Ernst_1948";"Schwanhold";"Ernst";"05dec1948";"10nov1994";"25oct1998";1994-11-10;1998-10-25;"NT_LE_T3_NA_01";"DE_NT-BT_1994"
"DE_Schwanitz_Rolf_1959__6";"DE_Schwanitz_Rolf_1959";"Schwanitz";"Rolf";"02apr1959";"10nov1994";"25oct1998";1994-11-10;1998-10-25;"NT_LE_T3_NA_01";"DE_NT-BT_1994"
"DE_Schwarz_Christian_1930__2";"DE_Schwarz_Christian_1930";"Schwarz-Schilling";"Christian";"19nov1930";"10nov1994";"25oct1998";1994-11-10;1998-10-25;"NT_LE_T3_NA_01";"DE_NT-BT_1994"
"DE_Sebastian_Wilhelm_1944__5";"DE_Sebastian_Wilhelm_1944";"Sebastian";"Wilhelm-Josef";"21mar1944";"10nov1994";"25oct1998";1994-11-10;1998-10-25;"NT_LE_T3_NA_01";"DE_NT-BT_1994"
"DE_Seehofer_Horst_1949__5";"DE_Seehofer_Horst_1949";"Seehofer";"Horst-Lorenz";"04jul1949";"10nov1994";"25oct1998";1994-11-10;1998-10-25;"NT_LE_T3_NA_01";"DE_NT-BT_1994"
"DE_Seibel_Wilfried_1945__1";"DE_Seibel_Wilfried_1945";"Seibel";"Wilfried";"28jul1945";"10nov1994";"25oct1998";1994-11-10;1998-10-25;"NT_LE_T3_NA_01";"DE_NT-BT_1994"
"DE_Seidenthal_Bodo_1947__2";"DE_Seidenthal_Bodo_1947";"Seidenthal";"Bodo";"26jun1947";"10nov1994";"25oct1998";1994-11-10;1998-10-25;"NT_LE_T3_NA_01";"DE_NT-BT_1994"
"DE_Seiffert_Heinz_1952__4";"DE_Seiffert_Heinz_1952";"Seiffert";"Heinz";"18sep1952";"10nov1994";"25oct1998";1994-11-10;1998-10-25;"NT_LE_T3_NA_01";"DE_NT-BT_1994"
"DE_Seiters_Rudolf_1937__2";"DE_Seiters_Rudolf_1937";"Seiters";"Rudolf";"13oct1937";"10nov1994";"25oct1998";1994-11-10;1998-10-25;"NT_LE_T3_NA_01";"DE_NT-BT_1994"
"DE_Selle_Johannes_1956__4";"DE_Selle_Johannes_1956";"Selle";"Johannes-Eduard-Maximilian";"13jan1956";"10nov1994";"25oct1998";1994-11-10;1998-10-25;"NT_LE_T3_NA_01";"DE_NT-BT_1994"
"DE_Seuster_Lisa_1942__1";"DE_Seuster_Lisa_1942";"Seuster";"Lisa";"17apr1942";"10nov1994";"25oct1998";1994-11-10;1998-10-25;"NT_LE_T3_NA_01";"DE_NT-BT_1994"
"DE_Siebert_Bernd_1949__7";"DE_Siebert_Bernd_1949";"Siebert";"Bernd";"17oct1949";"10nov1994";"25oct1998";1994-11-10;1998-10-25;"NT_LE_T3_NA_01";"DE_NT-BT_1994"
"DE_Sielaff_Horst_1937__1";"DE_Sielaff_Horst_1937";"Sielaff";"Horst";"07feb1937";"10nov1994";"25oct1998";1994-11-10;1998-10-25;"NT_LE_T3_NA_01";"DE_NT-BT_1994"
"DE_Sikora_Juergen_1943__1";"DE_Sikora_Juergen_1943";"Sikora";"Juergen";"05may1943";"10nov1994";"25oct1998";1994-11-10;1998-10-25;"NT_LE_T3_NA_01";"DE_NT-BT_1994"
"DE_Simm_Erika_1940__4";"DE_Simm_Erika_1940";"Simm";"Erika";"16apr1940";"10nov1994";"25oct1998";1994-11-10;1998-10-25;"NT_LE_T3_NA_01";"DE_NT-BT_1994"
"DE_Singer_Johannes_1943__1";"DE_Singer_Johannes_1943";"Singer";"Johannes";"04jun1943";"10nov1994";"25oct1998";1994-11-10;1998-10-25;"NT_LE_T3_NA_01";"DE_NT-BT_1994"
"DE_Singhammer_Johannes_1953__7";"DE_Singhammer_Johannes_1953";"Singhammer";"Johannes";"09may1953";"10nov1994";"25oct1998";1994-11-10;1998-10-25;"NT_LE_T3_NA_01";"DE_NT-BT_1994"
"DE_Skarpelis_Sigrid_1945__4";"DE_Skarpelis_Sigrid_1945";"Skarpelis-Sperk";"Sigrid-Rotraud-Anna";"12apr1945";"10nov1994";"25oct1998";1994-11-10;1998-10-25;"NT_LE_T3_NA_01";"DE_NT-BT_1994"
"DE_Solms_Hermann_1940__7";"DE_Solms_Hermann_1940";"prinzzuSolms-Hohensolms-Lich";"Hermann-Otto";"24nov1940";"10nov1994";"25oct1998";1994-11-10;1998-10-25;"NT_LE_T3_NA_01";"DE_NT-BT_1994"
"DE_Sonntag_Cornelie_1942__4";"DE_Sonntag_Cornelie_1942";"Sonntag-Wolgast";"Cornelie";"29aug1942";"10nov1994";"25oct1998";1994-11-10;1998-10-25;"NT_LE_T3_NA_01";"DE_NT-BT_1994"
"DE_Sorge_Wieland_1939__2";"DE_Sorge_Wieland_1939";"Sorge";"Wieland-Werner-Herbert";"27jan1939";"10nov1994";"25oct1998";1994-11-10;1998-10-25;"NT_LE_T3_NA_01";"DE_NT-BT_1994"
"DE_Sothmann_Baerbel_1939__2";"DE_Sothmann_Baerbel_1939";"Sothmann";"Baerbel-Marga-Carola";"20aug1939";"10nov1994";"25oct1998";1994-11-10;1998-10-25;"NT_LE_T3_NA_01";"DE_NT-BT_1994"
"DE_Spaete_Margarete_1958__2";"DE_Spaete_Margarete_1958";"Spaete";"Margarete";"26feb1958";"10nov1994";"25oct1998";1994-11-10;1998-10-25;"NT_LE_T3_NA_01";"DE_NT-BT_1994"
"DE_Spanier_Wolfgang_1943__5";"DE_Spanier_Wolfgang_1943";"Spanier";"Wolfgang";"30jan1943";"10nov1994";"25oct1998";1994-11-10;1998-10-25;"NT_LE_T3_NA_01";"DE_NT-BT_1994"
"DE_Sperling_Dietrich_1933__1";"DE_Sperling_Dietrich_1933";"Sperling";"Dietrich";"01mar1933";"10nov1994";"25oct1998";1994-11-10;1998-10-25;"NT_LE_T3_NA_01";"DE_NT-BT_1994"
"DE_Spiller_Joerg_1942__5";"DE_Spiller_Joerg_1942";"Spiller";"Joerg-Otto";"14may1942";"10nov1994";"25oct1998";1994-11-10;1998-10-25;"NT_LE_T3_NA_01";"DE_NT-BT_1994"
"DE_Spranger_Carl_1939__2";"DE_Spranger_Carl_1939";"Spranger";"Carl-Dieter";"28mar1939";"10nov1994";"25oct1998";1994-11-10;1998-10-25;"NT_LE_T3_NA_01";"DE_NT-BT_1994"
"DE_Stadler_Max_1949__4";"DE_Stadler_Max_1949";"Stadler";"Maximilian";"23mar1949";"10nov1994";"25oct1998";1994-11-10;1998-10-25;"NT_LE_T3_NA_01";"DE_NT-BT_1994"
"DE_Steen_Antje_1937__2";"DE_Steen_Antje_1937";"Steen";"Antje-Marie";"11mar1937";"10nov1994";"25oct1998";1994-11-10;1998-10-25;"NT_LE_T3_NA_01";"DE_NT-BT_1994"
"DE_Steiger_Wolfgang_1964__2";"DE_Steiger_Wolfgang_1964";"Steiger";"Wolfgang";"30aug1964";"10nov1994";"25oct1998";1994-11-10;1998-10-25;"NT_LE_T3_NA_01";"DE_NT-BT_1994"
"DE_Steinbach_Erika_1943__7";"DE_Steinbach_Erika_1943";"Steinbach-Hermann";"Erika";"25jul1943";"10nov1994";"25oct1998";1994-11-10;1998-10-25;"NT_LE_T3_NA_01";"DE_NT-BT_1994"
"DE_Steindor_Marina_1957__1";"DE_Steindor_Marina_1957";"Steindor";"Marina";"19dec1957";"10nov1994";"25oct1998";1994-11-10;1998-10-25;"NT_LE_T3_NA_01";"DE_NT-BT_1994"
"DE_Sterzing_Christian_1949__2";"DE_Sterzing_Christian_1949";"Sterzing";"Christian";"30apr1949";"10nov1994";"25oct1998";1994-11-10;1998-10-25;"NT_LE_T3_NA_01";"DE_NT-BT_1994"
"DE_Stetten_Wolfgang_1941__2";"DE_Stetten_Wolfgang_1941";"Stetten";"Wolfgang";"22jan1941";"10nov1994";"25oct1998";1994-11-10;1998-10-25;"NT_LE_T3_NA_01";"DE_NT-BT_1994"
"DE_Stiegler_Ludwig_1944__5";"DE_Stiegler_Ludwig_1944";"Stiegler";"Ludwig";"09apr1944";"10nov1994";"25oct1998";1994-11-10;1998-10-25;"NT_LE_T3_NA_01";"DE_NT-BT_1994"
"DE_Stoltenberg_Gerhard_1928__1";"DE_Stoltenberg_Gerhard_1928";"Stoltenberg";"Gerhard";"29sep1928";"10nov1994";"25oct1998";1994-11-10;1998-10-25;"NT_LE_T3_NA_01";"DE_NT-BT_1994"
"DE_Storm_Andreas_1964__5";"DE_Storm_Andreas_1964";"Storm";"Andreas";"20may1964";"10nov1994";"25oct1998";1994-11-10;1998-10-25;"NT_LE_T3_NA_01";"DE_NT-BT_1994"
"DE_Straubinger_Max_1954__8";"DE_Straubinger_Max_1954";"Straubinger";"Max";"12aug1954";"10nov1994";"25oct1998";1994-11-10;1998-10-25;"NT_LE_T3_NA_01";"DE_NT-BT_1994"
"DE_Strebl_Matthaeus_1952__6";"DE_Strebl_Matthaeus_1952";"Strebl";"Matthaeus";"01mar1952";"20nov1995";"25oct1998";1995-11-20;1998-10-25;"NT_LE_T3_NA_01";"DE_NT-BT_1994"
"DE_Struck_Peter_1943__5";"DE_Struck_Peter_1943";"Struck";"Peter";"24jan1943";"10nov1994";"25oct1998";1994-11-10;1998-10-25;"NT_LE_T3_NA_01";"DE_NT-BT_1994"
"DE_Stuebgen_Michael_1959__8";"DE_Stuebgen_Michael_1959";"Stuebgen";"Michael";"17oct1959";"10nov1994";"25oct1998";1994-11-10;1998-10-25;"NT_LE_T3_NA_01";"DE_NT-BT_1994"
"DE_Such_Manfred_1942__1";"DE_Such_Manfred_1942";"Such";"Manfred";"21dec1942";"10nov1994";"25oct1998";1994-11-10;1998-10-25;"NT_LE_T3_NA_01";"DE_NT-BT_1994"
"DE_Suessmuth_Rita_1937__2";"DE_Suessmuth_Rita_1937";"Suessmuth";"Rita";"17feb1937";"10nov1994";"25oct1998";1994-11-10;1998-10-25;"NT_LE_T3_NA_01";"DE_NT-BT_1994"
"DE_Susset_Egon_1929__1";"DE_Susset_Egon_1929";"Susset";"Egon";"03jun1929";"10nov1994";"25oct1998";1994-11-10;1998-10-25;"NT_LE_T3_NA_01";"DE_NT-BT_1994"
"DE_Tappe_Joachim_1942__2";"DE_Tappe_Joachim_1942";"Tappe";"Joachim";"05mar1942";"10nov1994";"25oct1998";1994-11-10;1998-10-25;"NT_LE_T3_NA_01";"DE_NT-BT_1994"
"DE_Tauss_Joerg_1953__5";"DE_Tauss_Joerg_1953";"Tauss";"Joerg";"05jul1953";"10nov1994";"25oct1998";1994-11-10;1998-10-25;"NT_LE_T3_NA_01";"DE_NT-BT_1994"
"DE_Teichmann_Bodo_1932__1";"DE_Teichmann_Bodo_1932";"Teichmann";"Alfred-Bodo";"09mar1932";"10nov1994";"25oct1998";1994-11-10;1998-10-25;"NT_LE_T3_NA_01";"DE_NT-BT_1994"
"DE_Teiser_Michael_1951__1";"DE_Teiser_Michael_1951";"Teiser";"Michael";"07jun1951";"10nov1994";"25oct1998";1994-11-10;1998-10-25;"NT_LE_T3_NA_01";"DE_NT-BT_1994"
"DE_Terborg_Margitta_1941__1";"DE_Terborg_Margitta_1941";"Terborg";"Margitta-Ingrid";"23sep1941";"10nov1994";"25oct1998";1994-11-10;1998-10-25;"NT_LE_T3_NA_01";"DE_NT-BT_1994"
"DE_Teuchner_Jella_1956__5";"DE_Teuchner_Jella_1956";"Teuchner";"Jella";"11may1956";"10nov1994";"25oct1998";1994-11-10;1998-10-25;"NT_LE_T3_NA_01";"DE_NT-BT_1994"
"DE_Thalheim_Gerald_1950__2";"DE_Thalheim_Gerald_1950";"Thalheim";"Friedrich-Gerald";"29jun1950";"10nov1994";"25oct1998";1994-11-10;1998-10-25;"NT_LE_T3_NA_01";"DE_NT-BT_1994"
"DE_Thiele_Carl_1953__6";"DE_Thiele_Carl_1953";"Thiele";"Carl-Ludwig";"09aug1953";"10nov1994";"25oct1998";1994-11-10;1998-10-25;"NT_LE_T3_NA_01";"DE_NT-BT_1994"
"DE_Thierse_Wolfgang_1943__6";"DE_Thierse_Wolfgang_1943";"Thierse";"Wolfgang";"22oct1943";"10nov1994";"25oct1998";1994-11-10;1998-10-25;"NT_LE_T3_NA_01";"DE_NT-BT_1994"
"DE_Thieser_Dietmar_1952__1";"DE_Thieser_Dietmar_1952";"Thieser";"Dietmar";"27nov1952";"10nov1994";"19dec1996";1994-11-10;1996-12-19;"NT_LE_T3_NA_01";"DE_NT-BT_1994"
"DE_Thoennes_Franz_1954__7";"DE_Thoennes_Franz_1954";"Thoennes";"Franz";"16sep1954";"10nov1994";"25oct1998";1994-11-10;1998-10-25;"NT_LE_T3_NA_01";"DE_NT-BT_1994"
"DE_Thomae_Dieter_1940__4";"DE_Thomae_Dieter_1940";"Thomae";"Dieter";"23jun1940";"10nov1994";"25oct1998";1994-11-10;1998-10-25;"NT_LE_T3_NA_01";"DE_NT-BT_1994"
"DE_Tiemann_Susanne_1947__2";"DE_Tiemann_Susanne_1947";"Tiemann";"Susanne";"20apr1947";"10nov1994";"25oct1998";1994-11-10;1998-10-25;"NT_LE_T3_NA_01";"DE_NT-BT_1994"
"DE_Tippach_Steffen_1967__1";"DE_Tippach_Steffen_1967";"Tippach";"Steffen";"18nov1967";"10nov1994";"25oct1998";1994-11-10;1998-10-25;"NT_LE_T3_NA_01";"DE_NT-BT_1994"
"DE_Titze_Uta_1942__2";"DE_Titze_Uta_1942";"Titze-Stecher";"Uta-Ortrud";"28dec1942";"10nov1994";"25oct1998";1994-11-10;1998-10-25;"NT_LE_T3_NA_01";"DE_NT-BT_1994"
"DE_Toepfer_Klaus_1938__1";"DE_Toepfer_Klaus_1938";"Toepfer";"Klaus";"29jul1938";"10nov1994";"28feb1998";1994-11-10;1998-02-28;"NT_LE_T3_NA_01";"DE_NT-BT_1994"
"DE_Traupe_Brigitte_1943__4";"DE_Traupe_Brigitte_1943";"Traupe-Schulte";"Brigitte";"26sep1943";"10nov1994";"25oct1998";1994-11-10;1998-10-25;"NT_LE_T3_NA_01";"DE_NT-BT_1994"
"DE_Troeger_Gottfried_1935__1";"DE_Troeger_Gottfried_1935";"Troeger";"Gottfried-Fritz-Heinrich";"20feb1935";"10nov1994";"25oct1998";1994-11-10;1998-10-25;"NT_LE_T3_NA_01";"DE_NT-BT_1994"
"DE_Troescher_Adelheid_1939__2";"DE_Troescher_Adelheid_1939";"Troescher";"Adelheid-Dorothea";"16feb1939";"10nov1994";"25oct1998";1994-11-10;1998-10-25;"NT_LE_T3_NA_01";"DE_NT-BT_1994"
"DE_Tuerk_Juergen_1947__4";"DE_Tuerk_Juergen_1947";"Tuerk";"Juergen";"07feb1947";"10nov1994";"25oct1998";1994-11-10;1998-10-25;"NT_LE_T3_NA_01";"DE_NT-BT_1994"
"DE_Uelhoff_Klaus_1936__1";"DE_Uelhoff_Klaus_1936";"Uelhoff";"Klaus-Dieter";"09jan1936";"10nov1994";"25oct1998";1994-11-10;1998-10-25;"NT_LE_T3_NA_01";"DE_NT-BT_1994"
"DE_Uldall_Gunnar_1940__2";"DE_Uldall_Gunnar_1940";"Uldall";"Gunnar";"17nov1940";"10nov1994";"25oct1998";1994-11-10;1998-10-25;"NT_LE_T3_NA_01";"DE_NT-BT_1994"
"DE_Urbaniak_Hans_1929__2";"DE_Urbaniak_Hans_1929";"Urbaniak";"Hans-Eberhard";"09apr1929";"10nov1994";"25oct1998";1994-11-10;1998-10-25;"NT_LE_T3_NA_01";"DE_NT-BT_1994"
"DE_Vergin_Siegfried_1933__1";"DE_Vergin_Siegfried_1933";"Vergin";"Siegfried";"17mar1933";"10nov1994";"25oct1998";1994-11-10;1998-10-25;"NT_LE_T3_NA_01";"DE_NT-BT_1994"
"DE_Verheugen_Guenter_1944__2";"DE_Verheugen_Guenter_1944";"Verheugen";"Guenter";"28apr1944";"10nov1994";"25oct1998";1994-11-10;1998-10-25;"NT_LE_T3_NA_01";"DE_NT-BT_1994"
"DE_Vogt_Ute_1964__7";"DE_Vogt_Ute_1964";"Vogt";"Ute";"03oct1964";"10nov1994";"25oct1998";1994-11-10;1998-10-25;"NT_LE_T3_NA_01";"DE_NT-BT_1994"
"DE_Vogt_Wolfgang_1929__1";"DE_Vogt_Wolfgang_1929";"Vogt";"Wolfgang";"01dec1929";"10nov1994";"25oct1998";1994-11-10;1998-10-25;"NT_LE_T3_NA_01";"DE_NT-BT_1994"
"DE_Voigt_Karsten_1941__1";"DE_Voigt_Karsten_1941";"Voigt";"Karsten-Dietrich";"11apr1941";"10nov1994";"25oct1998";1994-11-10;1998-10-25;"NT_LE_T3_NA_01";"DE_NT-BT_1994"
"DE_Vollmer_Antje_1943__4";"DE_Vollmer_Antje_1943";"Vollmer";"Antje";"31may1943";"10nov1994";"25oct1998";1994-11-10;1998-10-25;"NT_LE_T3_NA_01";"DE_NT-BT_1994"
"DE_Volmer_Ludger_1952__4";"DE_Volmer_Ludger_1952";"Volmer";"Ludger-Peter";"17feb1952";"10nov1994";"25oct1998";1994-11-10;1998-10-25;"NT_LE_T3_NA_01";"DE_NT-BT_1994"
"DE_Vosen_Josef_1943__1";"DE_Vosen_Josef_1943";"Vosen";"Josef";"23jul1943";"10nov1994";"03jun1998";1994-11-10;1998-06-03;"NT_LE_T3_NA_01";"DE_NT-BT_1994"
"DE_Waffenschmidt_Horst_1933__1";"DE_Waffenschmidt_Horst_1933";"Waffenschmidt";"Horst";"10may1933";"10nov1994";"25oct1998";1994-11-10;1998-10-25;"NT_LE_T3_NA_01";"DE_NT-BT_1994"
"DE_Wagner_Hans_1938__4";"DE_Wagner_Hans_1938";"Wagner";"Hans-Georg";"26nov1938";"10nov1994";"25oct1998";1994-11-10;1998-10-25;"NT_LE_T3_NA_01";"DE_NT-BT_1994"
"DE_Waigel_Theodor_1939__2";"DE_Waigel_Theodor_1939";"Waigel";"Theodor";"22apr1939";"10nov1994";"25oct1998";1994-11-10;1998-10-25;"NT_LE_T3_NA_01";"DE_NT-BT_1994"
"DE_Waldburg_Alois_1933__1";"DE_Waldburg_Alois_1933";"Waldburg-Zeil";"Alois";"20sep1933";"10nov1994";"25oct1998";1994-11-10;1998-10-25;"NT_LE_T3_NA_01";"DE_NT-BT_1994"
"DE_Wallow_Hans_1939__1";"DE_Wallow_Hans_1939";"Wallow";"Hans";"25dec1939";"10nov1994";"25oct1998";1994-11-10;1998-10-25;"NT_LE_T3_NA_01";"DE_NT-BT_1994"
"DE_Warnick_Klaus_1952__1";"DE_Warnick_Klaus_1952";"Warnick";"Klaus-Juergen";"21oct1952";"10nov1994";"25oct1998";1994-11-10;1998-10-25;"NT_LE_T3_NA_01";"DE_NT-BT_1994"
"DE_Warnke_Juergen_1932__1";"DE_Warnke_Juergen_1932";"Warnke";"Juergen";"20mar1932";"10nov1994";"25oct1998";1994-11-10;1998-10-25;"NT_LE_T3_NA_01";"DE_NT-BT_1994"
"DE_Wegner_Konstanze_1938__2";"DE_Wegner_Konstanze_1938";"Wegner";"Konstanze";"27feb1938";"10nov1994";"25oct1998";1994-11-10;1998-10-25;"NT_LE_T3_NA_01";"DE_NT-BT_1994"
"DE_Weiermann_Wolfgang_1935__2";"DE_Weiermann_Wolfgang_1935";"Weiermann";"Wolfgang";"08sep1935";"10nov1994";"25oct1998";1994-11-10;1998-10-25;"NT_LE_T3_NA_01";"DE_NT-BT_1994"
"DE_Weis_Reinhard_1949__4";"DE_Weis_Reinhard_1949";"Weis";"Reinhard";"12mar1949";"10nov1994";"25oct1998";1994-11-10;1998-10-25;"NT_LE_T3_NA_01";"DE_NT-BT_1994"
"DE_Weisheit_Matthias_1945__4";"DE_Weisheit_Matthias_1945";"Weisheit";"Matthias";"18dec1945";"10nov1994";"25oct1998";1994-11-10;1998-10-25;"NT_LE_T3_NA_01";"DE_NT-BT_1994"
"DE_Weissgerber_Gunter_1955__5";"DE_Weissgerber_Gunter_1955";"Weissgerber";"Johannes-Alfred-Gunter";"24nov1955";"10nov1994";"25oct1998";1994-11-10;1998-10-25;"NT_LE_T3_NA_01";"DE_NT-BT_1994"
"DE_Weisskirchen_Gert_1944__5";"DE_Weisskirchen_Gert_1944";"Weisskirchen";"Gert";"16may1944";"10nov1994";"25oct1998";1994-11-10;1998-10-25;"NT_LE_T3_NA_01";"DE_NT-BT_1994"
"DE_Welt_Hans_1947__4";"DE_Welt_Hans_1947";"Welt";"Hans-Joachim";"14feb1947";"10nov1994";"25oct1998";1994-11-10;1998-10-25;"NT_LE_T3_NA_01";"DE_NT-BT_1994"
"DE_Weng_Wolfgang_1942__1";"DE_Weng_Wolfgang_1942";"Weng";"Wolfgang";"21dec1942";"10nov1994";"25oct1998";1994-11-10;1998-10-25;"NT_LE_T3_NA_01";"DE_NT-BT_1994"
"DE_Wester_Hildegard_1949__5";"DE_Wester_Hildegard_1949";"Wester";"Hildegard";"28dec1949";"10nov1994";"25oct1998";1994-11-10;1998-10-25;"NT_LE_T3_NA_01";"DE_NT-BT_1994"
"DE_Westerwelle_Guido_1961__6";"DE_Westerwelle_Guido_1961";"Westerwelle";"Guido";"27dec1961";"08feb1996";"25oct1998";1996-02-08;1998-10-25;"NT_LE_T3_NA_01";"DE_NT-BT_1994"
"DE_Westrich_Lydia_1949__5";"DE_Westrich_Lydia_1949";"Westrich";"Lydia-Maria-Elisabeth";"21oct1949";"10nov1994";"25oct1998";1994-11-10;1998-10-25;"NT_LE_T3_NA_01";"DE_NT-BT_1994"
"DE_Wettig_Inge_1936__4";"DE_Wettig_Inge_1936";"Wettig-Danielmeier";"Inge";"01oct1936";"10nov1994";"25oct1998";1994-11-10;1998-10-25;"NT_LE_T3_NA_01";"DE_NT-BT_1994"
"DE_Wetzel_Kersten_1961__1";"DE_Wetzel_Kersten_1961";"Wetzel";"Kersten";"23feb1961";"10nov1994";"25oct1998";1994-11-10;1998-10-25;"NT_LE_T3_NA_01";"DE_NT-BT_1994"
"DE_Wieczorek_Heidemarie_1942__6";"DE_Wieczorek_Heidemarie_1942";"Wieczorek-Zeul";"Heidemarie";"21nov1942";"10nov1994";"25oct1998";1994-11-10;1998-10-25;"NT_LE_T3_NA_01";"DE_NT-BT_1994"
"DE_Wieczorek_Helmut_1934__2";"DE_Wieczorek_Helmut_1934";"Wieczorek";"Helmut-Eduard";"24feb1934";"10nov1994";"25oct1998";1994-11-10;1998-10-25;"NT_LE_T3_NA_01";"DE_NT-BT_1994"
"DE_Wieczorek_Norbert_1940__2";"DE_Wieczorek_Norbert_1940";"Wieczorek";"Norbert-Georg-Walter";"12dec1940";"10nov1994";"25oct1998";1994-11-10;1998-10-25;"NT_LE_T3_NA_01";"DE_NT-BT_1994"
"DE_Wiefelspuetz_Dieter_1946__6";"DE_Wiefelspuetz_Dieter_1946";"Wiefelspuetz";"Dieter";"22sep1946";"10nov1994";"25oct1998";1994-11-10;1998-10-25;"NT_LE_T3_NA_01";"DE_NT-BT_1994"
"DE_Wilhelm_Hans_1940__2";"DE_Wilhelm_Hans_1940";"Wilhelm";"Hans-Otto";"05jun1940";"10nov1994";"25oct1998";1994-11-10;1998-10-25;"NT_LE_T3_NA_01";"DE_NT-BT_1994"
"DE_Wilhelm_Helmut_1946__2";"DE_Wilhelm_Helmut_1946";"Wilhelm";"Helmut-Georg";"12apr1946";"10nov1994";"25oct1998";1994-11-10;1998-10-25;"NT_LE_T3_NA_01";"DE_NT-BT_1994"
"DE_Willner_Gert_1940__2";"DE_Willner_Gert_1940";"Willner";"Gert-Manfred";"16apr1940";"10nov1994";"25oct1998";1994-11-10;1998-10-25;"NT_LE_T3_NA_01";"DE_NT-BT_1994"
"DE_Wilz_Bernd_1942__2";"DE_Wilz_Bernd_1942";"Wilz";"Bernd-Wolfgang";"13dec1942";"10nov1994";"25oct1998";1994-11-10;1998-10-25;"NT_LE_T3_NA_01";"DE_NT-BT_1994"
"DE_Wimmer_Willy_1943__5";"DE_Wimmer_Willy_1943";"Wimmer";"Willy";"18may1943";"10nov1994";"25oct1998";1994-11-10;1998-10-25;"NT_LE_T3_NA_01";"DE_NT-BT_1994"
"DE_Wissmann_Matthias_1949__5";"DE_Wissmann_Matthias_1949";"Wissmann";"Matthias";"15apr1949";"10nov1994";"25oct1998";1994-11-10;1998-10-25;"NT_LE_T3_NA_01";"DE_NT-BT_1994"
"DE_Wittich_Berthold_1933__1";"DE_Wittich_Berthold_1933";"Wittich";"Berthold";"18oct1933";"10nov1994";"25oct1998";1994-11-10;1998-10-25;"NT_LE_T3_NA_01";"DE_NT-BT_1994"
"DE_Wittmann_Simon_1947__1";"DE_Wittmann_Simon_1947";"Wittmann";"Simon-Georg";"14dec1947";"10nov1994";"21aug1996";1994-11-10;1996-08-21;"NT_LE_T3_NA_01";"DE_NT-BT_1994"
"DE_Wodarg_Wolfgang_1947__5";"DE_Wodarg_Wolfgang_1947";"Wodarg";"Wolfgang";"02mar1947";"10nov1994";"25oct1998";1994-11-10;1998-10-25;"NT_LE_T3_NA_01";"DE_NT-BT_1994"
"DE_Woehrl_Dagmar_1954__7";"DE_Woehrl_Dagmar_1954";"Woehrl";"Dagmar-Gabriele";"05may1954";"10nov1994";"25oct1998";1994-11-10;1998-10-25;"NT_LE_T3_NA_01";"DE_NT-BT_1994"
"DE_Wohlleben_Verena_1944__4";"DE_Wohlleben_Verena_1944";"Wohlleben";"Verena-Ingeburg";"08jun1944";"10nov1994";"25oct1998";1994-11-10;1998-10-25;"NT_LE_T3_NA_01";"DE_NT-BT_1994"
"DE_Wolf_Hanna_1936__2";"DE_Wolf_Hanna_1936";"Wolf";"Hanna";"14jun1936";"10nov1994";"25oct1998";1994-11-10;1998-10-25;"NT_LE_T3_NA_01";"DE_NT-BT_1994"
"DE_Wolf_Margareta_1957__4";"DE_Wolf_Margareta_1957";"Wolf-Mayer";"Margareta";"26may1957";"10nov1994";"25oct1998";1994-11-10;1998-10-25;"NT_LE_T3_NA_01";"DE_NT-BT_1994"
"DE_Wolf_Winfried_1949__2";"DE_Wolf_Winfried_1949";"Wolf";"Winfried";"04mar1949";"10nov1994";"25oct1998";1994-11-10;1998-10-25;"NT_LE_T3_NA_01";"DE_NT-BT_1994"
"DE_Wonneberger_Michael_1944__1";"DE_Wonneberger_Michael_1944";"Wonneberger";"Michael-Juergen";"25apr1944";"10nov1994";"25oct1998";1994-11-10;1998-10-25;"NT_LE_T3_NA_01";"DE_NT-BT_1994"
"DE_Wright_Heidemarie_1951__4";"DE_Wright_Heidemarie_1951";"Wright";"Heidemarie";"20feb1951";"10nov1994";"25oct1998";1994-11-10;1998-10-25;"NT_LE_T3_NA_01";"DE_NT-BT_1994"
"DE_Wuelfing_Elke_1947__4";"DE_Wuelfing_Elke_1947";"Wuelfing";"Elke";"07nov1947";"10nov1994";"25oct1998";1994-11-10;1998-10-25;"NT_LE_T3_NA_01";"DE_NT-BT_1994"
"DE_Wuerzbach_Peter_1937__2";"DE_Wuerzbach_Peter_1937";"Wuerzbach";"Peter-Kurt";"15dec1937";"10nov1994";"25oct1998";1994-11-10;1998-10-25;"NT_LE_T3_NA_01";"DE_NT-BT_1994"
"DE_Yzer_Cornelia_1961__1";"DE_Yzer_Cornelia_1961";"Yzer";"Cornelia-Barbara";"28jul1961";"10nov1994";"25oct1998";1994-11-10;1998-10-25;"NT_LE_T3_NA_01";"DE_NT-BT_1994"
"DE_Zapf_Uta_1941__5";"DE_Zapf_Uta_1941";"Zapf";"Uta";"14aug1941";"10nov1994";"25oct1998";1994-11-10;1998-10-25;"NT_LE_T3_NA_01";"DE_NT-BT_1994"
"DE_Zeitlmann_Wolfgang_1941__4";"DE_Zeitlmann_Wolfgang_1941";"Zeitlmann";"Wolfgang-Hans-Rudolf-Eugen";"05jul1941";"10nov1994";"25oct1998";1994-11-10;1998-10-25;"NT_LE_T3_NA_01";"DE_NT-BT_1994"
"DE_Zierer_Benno_1934__2";"DE_Zierer_Benno_1934";"Zierer";"Benno";"24mar1934";"10nov1994";"25oct1998";1994-11-10;1998-10-25;"NT_LE_T3_NA_01";"DE_NT-BT_1994"
"DE_Zoeller_Wolfgang_1942__5";"DE_Zoeller_Wolfgang_1942";"Zoeller";"Wolfgang";"18jun1942";"10nov1994";"25oct1998";1994-11-10;1998-10-25;"NT_LE_T3_NA_01";"DE_NT-BT_1994"
"DE_Zoepel_Christoph_1943__4";"DE_Zoepel_Christoph_1943";"Zoepel";"Christoph";"04jul1943";"10nov1994";"25oct1998";1994-11-10;1998-10-25;"NT_LE_T3_NA_01";"DE_NT-BT_1994"
"DE_Zumkley_Peter_1936__2";"DE_Zumkley_Peter_1936";"Zumkley";"Peter";"17sep1936";"10nov1994";"25oct1998";1994-11-10;1998-10-25;"NT_LE_T3_NA_01";"DE_NT-BT_1994"
"DE_Zwerenz_Gerhard_1925__1";"DE_Zwerenz_Gerhard_1925";"Zwerenz";"Gerhard";"03jun1925";"10nov1994";"25oct1998";1994-11-10;1998-10-25;"NT_LE_T3_NA_01";"DE_NT-BT_1994"
